2026-08-25 08:28:56 | INFO | P02 | === RUN START ===
2026-08-25 08:28:56 | INFO | P02 | project=P02
2026-08-25 08:28:56 | INFO | P02 | repo_dir=datafun-02-automation
2026-08-25 08:28:56 | INFO | P02 | python=3.14.7
2026-08-25 08:28:56 | INFO | P02 | os=Windows 11
2026-08-25 08:28:56 | INFO | P02 | shell=powershell
2026-08-25 08:28:56 | INFO | P02 | cwd=.
2026-08-25 08:28:56 | INFO | P02 | github_actions=False
2026-08-25 08:28:56 | INFO | P02 | ===================================
2026-08-25 08:28:56 | INFO | P02 | START main()
2026-08-25 08:28:56 | INFO | P02 | ===================================
2026-08-25 08:28:56 | INFO | P02 | -------------------------------
2026-08-25 08:28:56 | INFO | P02 | 01. LOAD the data.
2026-08-25 08:28:56 | INFO | P02 | -------------------------------
2026-08-25 08:28:56 | INFO | P02 | data file = data\penguins.csv
2026-08-25 08:28:56 | INFO | P02 | Data loaded successfully.
2026-08-25 08:28:56 | INFO | P02 | -------------------------------
2026-08-25 08:28:56 | INFO | P02 | 02. INSPECT the data.
2026-08-25 08:28:56 | INFO | P02 | -------------------------------
2026-08-25 08:28:56 | INFO | P02 | START inspect
2026-08-25 08:28:56 | INFO | P02 |    row_count:    344
2026-08-25 08:28:56 | INFO | P02 |    column_count: 8
2026-08-25 08:28:56 | INFO | P02 |    column_names: ['species', 'island', 'bill_length_mm', 'bill_depth_mm', 'flipper_length_mm', 'body_mass_g', 'sex', 'year']
2026-08-25 08:28:56 | INFO | P02 | END inspect. Returning inspection_string.
2026-08-25 08:28:56 | INFO | P02 | 
----------------
Data Inspection:
----------------
    One row means: one penguin
    Row count: 344
    Column count: 8
    Column names: ['species', 'island', 'bill_length_mm', 'bill_depth_mm', 'flipper_length_mm', 'body_mass_g', 'sex', 'year']

---------------
First Few Rows:
---------------
  species     island  bill_length_mm  ...  body_mass_g     sex  year
0  Adelie  Torgersen            39.1  ...       3750.0    male  2007
1  Adelie  Torgersen            39.5  ...       3800.0  female  2007
2  Adelie  Torgersen            40.3  ...       3250.0  female  2007
3  Adelie  Torgersen             NaN  ...          NaN     NaN  2007
4  Adelie  Torgersen            36.7  ...       3450.0  female  2007

[5 rows x 8 columns]

2026-08-25 08:28:56 | INFO | P02 | -------------------------------
2026-08-25 08:28:56 | INFO | P02 | 03. REPEAT logic using a for loop.
2026-08-25 08:28:56 | INFO | P02 | -------------------------------
2026-08-25 08:28:56 | INFO | P02 | Column name: species
2026-08-25 08:28:56 | INFO | P02 | Column name: island
2026-08-25 08:28:56 | INFO | P02 | Column name: bill_length_mm
2026-08-25 08:28:56 | INFO | P02 | Column name: bill_depth_mm
2026-08-25 08:28:56 | INFO | P02 | Column name: flipper_length_mm
2026-08-25 08:28:56 | INFO | P02 | Column name: body_mass_g
2026-08-25 08:28:56 | INFO | P02 | Column name: sex
2026-08-25 08:28:56 | INFO | P02 | Column name: year
2026-08-25 08:28:56 | INFO | P02 | Selected group column: species
2026-08-25 08:28:56 | INFO | P02 | Reason for choosing this group: 
The species column has a small number of unique values.
There are three unique species, so a for loop can
process and log each one.

2026-08-25 08:28:56 | INFO | P02 | Item: Adelie
2026-08-25 08:28:56 | INFO | P02 | Item: Gentoo
2026-08-25 08:28:56 | INFO | P02 | Item: Chinstrap
2026-08-25 08:28:56 | INFO | P02 | -------------------------------
2026-08-25 08:28:56 | INFO | P02 | 04. TRANSFORM one list to another list.
2026-08-25 08:28:56 | INFO | P02 | -------------------------------
2026-08-25 08:28:56 | INFO | P02 | Capitalized column names: ['SPECIES', 'ISLAND', 'BILL_LENGTH_MM', 'BILL_DEPTH_MM', 'FLIPPER_LENGTH_MM', 'BODY_MASS_G', 'SEX', 'YEAR']
2026-08-25 08:28:56 | INFO | P02 | -------------------------------
2026-08-25 08:28:56 | INFO | P02 | 05. BRANCH based on conditions.
2026-08-25 08:28:56 | INFO | P02 | -------------------------------
2026-08-25 08:28:56 | INFO | P02 | Selected measurement column: bill_length_mm
2026-08-25 08:28:56 | INFO | P02 | Reason for choosing this measurement: 
Bill length varies across penguins.
There is no fixed cutoff, so we'll calculate the average
and assign a classification depending on a threshold
around the average value.

2026-08-25 08:28:56 | INFO | P02 | bill_length_mm - Minimum: 32.1
2026-08-25 08:28:56 | INFO | P02 | bill_length_mm - Maximum:  59.6
2026-08-25 08:28:56 | INFO | P02 | bill_length_mm - Mean:     43.9219298245614
2026-08-25 08:28:56 | INFO | P02 | -------------------------------
2026-08-25 08:28:56 | INFO | P02 | Sample bill_length_mm: 39.1
2026-08-25 08:28:56 | INFO | P02 | Short threshold multiplier: 0.9
2026-08-25 08:28:56 | INFO | P02 | Long threshold multiplier:  1.1
2026-08-25 08:28:56 | INFO | P02 | Short threshold: 39.529736842105265
2026-08-25 08:28:56 | INFO | P02 | Long threshold:  48.31412280701755
2026-08-25 08:28:56 | INFO | P02 | First row bill_length_mm classification: SHORT
2026-08-25 08:28:56 | INFO | P02 | -------------------------------
2026-08-25 08:28:56 | INFO | P02 | 06. REPEAT while a condition is true.
2026-08-25 08:28:56 | INFO | P02 | -------------------------------
2026-08-25 08:28:56 | INFO | P02 | Starting to process measurements periodically...
2026-08-25 08:28:56 | INFO | P02 | Max records to process: 10
2026-08-25 08:28:56 | INFO | P02 | Stream wait seconds: 1
2026-08-25 08:28:56 | INFO | P02 | Current count: 0
2026-08-25 08:28:56 | INFO | P02 | Current bill_length_mm: 39.1
2026-08-25 08:28:56 | INFO | P02 | Updated count: 1
2026-08-25 08:28:57 | INFO | P02 | Current bill_length_mm: 39.5
2026-08-25 08:28:57 | INFO | P02 | Updated count: 2
2026-08-25 08:28:58 | INFO | P02 | Current bill_length_mm: 40.3
2026-08-25 08:28:58 | INFO | P02 | Updated count: 3
2026-08-25 08:28:59 | INFO | P02 | Current bill_length_mm: nan
2026-08-25 08:28:59 | INFO | P02 | Updated count: 4
2026-08-25 08:29:00 | INFO | P02 | Current bill_length_mm: 36.7
2026-08-25 08:29:00 | INFO | P02 | Updated count: 5
2026-08-25 08:29:01 | INFO | P02 | Current bill_length_mm: 39.3
2026-08-25 08:29:01 | INFO | P02 | Updated count: 6
2026-08-25 08:29:02 | INFO | P02 | Current bill_length_mm: 38.9
2026-08-25 08:29:02 | INFO | P02 | Updated count: 7
2026-08-25 08:29:03 | INFO | P02 | Current bill_length_mm: 39.2
2026-08-25 08:29:03 | INFO | P02 | Updated count: 8
2026-08-25 08:29:04 | INFO | P02 | Current bill_length_mm: 34.1
2026-08-25 08:29:04 | INFO | P02 | Updated count: 9
2026-08-25 08:29:05 | INFO | P02 | Current bill_length_mm: 42.0
2026-08-25 08:29:05 | INFO | P02 | Updated count: 10
2026-08-25 08:29:06 | INFO | P02 | -------------------------------
2026-08-25 08:29:06 | INFO | P02 | 07. VISUALIZE the selected measurement.
2026-08-25 08:29:06 | INFO | P02 | -------------------------------
2026-08-25 08:29:06 | INFO | P02 | Creating a chart to visualize the selected measurement.
2026-08-25 08:29:06 | INFO | P02 | We selected one numeric column, so let's look at the distribution.
2026-08-25 08:29:06 | INFO | P02 | Chart saved successfully at docs\images\measurement-distribution.png.
2026-08-25 08:29:06 | INFO | P02 | IMPORTANT: Close chart window to continue by clicking its X or close button.
2026-08-25 08:29:06 | INFO | P02 | ===================================
2026-08-25 08:29:06 | INFO | P02 | END main() - Executed successfully!
2026-08-25 08:29:06 | INFO | P02 | ===================================
2026-09-04 20:19:52 | INFO | P02 | === RUN START ===
2026-09-04 20:19:52 | INFO | P02 | project=P02
2026-09-04 20:19:52 | INFO | P02 | repo_dir=datafun-02-automation
2026-09-04 20:19:52 | INFO | P02 | python=3.14.7
2026-09-04 20:19:52 | INFO | P02 | os=Windows 11
2026-09-04 20:19:52 | INFO | P02 | shell=powershell
2026-09-04 20:19:52 | INFO | P02 | cwd=.
2026-09-04 20:19:52 | INFO | P02 | github_actions=False
2026-09-04 20:19:52 | INFO | P02 | ===================================
2026-09-04 20:19:52 | INFO | P02 | START main()
2026-09-04 20:19:52 | INFO | P02 | ===================================
2026-09-04 20:19:52 | INFO | P02 | -------------------------------
2026-09-04 20:19:52 | INFO | P02 | 01. LOAD the data.
2026-09-04 20:19:52 | INFO | P02 | -------------------------------
2026-09-04 20:19:52 | INFO | P02 | data file = data\penguins.csv
2026-09-04 20:19:52 | INFO | P02 | Data loaded successfully.
2026-09-04 20:19:52 | INFO | P02 | -------------------------------
2026-09-04 20:19:52 | INFO | P02 | 02. INSPECT the data.
2026-09-04 20:19:52 | INFO | P02 | -------------------------------
2026-09-04 20:19:52 | INFO | P02 | START inspect
2026-09-04 20:19:52 | INFO | P02 |    row_count:    344
2026-09-04 20:19:52 | INFO | P02 |    column_count: 8
2026-09-04 20:19:52 | INFO | P02 |    column_names: ['species', 'island', 'bill_length_mm', 'bill_depth_mm', 'flipper_length_mm', 'body_mass_g', 'sex', 'year']
2026-09-04 20:19:52 | INFO | P02 | END inspect. Returning inspection_string.
2026-09-04 20:19:52 | INFO | P02 | 
----------------
Data Inspection:
----------------
    One row means: one penguin
    Row count: 344
    Column count: 8
    Column names: ['species', 'island', 'bill_length_mm', 'bill_depth_mm', 'flipper_length_mm', 'body_mass_g', 'sex', 'year']

---------------
First Few Rows:
---------------
  species     island  bill_length_mm  bill_depth_mm  flipper_length_mm  body_mass_g     sex  year
0  Adelie  Torgersen            39.1           18.7              181.0       3750.0    male  2007
1  Adelie  Torgersen            39.5           17.4              186.0       3800.0  female  2007
2  Adelie  Torgersen            40.3           18.0              195.0       3250.0  female  2007
3  Adelie  Torgersen             NaN            NaN                NaN          NaN     NaN  2007
4  Adelie  Torgersen            36.7           19.3              193.0       3450.0  female  2007

2026-09-04 20:19:52 | INFO | P02 | -------------------------------
2026-09-04 20:19:52 | INFO | P02 | 03. REPEAT logic using a for loop.
2026-09-04 20:19:52 | INFO | P02 | -------------------------------
2026-09-04 20:19:52 | INFO | P02 | Column name: species
2026-09-04 20:19:52 | INFO | P02 | Column name: island
2026-09-04 20:19:52 | INFO | P02 | Column name: bill_length_mm
2026-09-04 20:19:52 | INFO | P02 | Column name: bill_depth_mm
2026-09-04 20:19:52 | INFO | P02 | Column name: flipper_length_mm
2026-09-04 20:19:52 | INFO | P02 | Column name: body_mass_g
2026-09-04 20:19:52 | INFO | P02 | Column name: sex
2026-09-04 20:19:52 | INFO | P02 | Column name: year
2026-09-04 20:19:52 | INFO | P02 | Selected group column: species
2026-09-04 20:19:52 | INFO | P02 | Reason for choosing this group: 
The species column has a small number of unique values.
There are three unique species, so a for loop can
process and log each one.

2026-09-04 20:19:52 | INFO | P02 | Item: Adelie
2026-09-04 20:19:52 | INFO | P02 | Item: Gentoo
2026-09-04 20:19:52 | INFO | P02 | Item: Chinstrap
2026-09-04 20:19:52 | INFO | P02 | -------------------------------
2026-09-04 20:19:52 | INFO | P02 | 04. TRANSFORM one list to another list.
2026-09-04 20:19:52 | INFO | P02 | -------------------------------
2026-09-04 20:19:52 | INFO | P02 | Capitalized column names: ['SPECIES', 'ISLAND', 'BILL_LENGTH_MM', 'BILL_DEPTH_MM', 'FLIPPER_LENGTH_MM', 'BODY_MASS_G', 'SEX', 'YEAR']
2026-09-04 20:19:52 | INFO | P02 | -------------------------------
2026-09-04 20:19:52 | INFO | P02 | 05. BRANCH based on conditions.
2026-09-04 20:19:52 | INFO | P02 | -------------------------------
2026-09-04 20:19:52 | INFO | P02 | Selected measurement column: bill_length_mm
2026-09-04 20:19:52 | INFO | P02 | Reason for choosing this measurement: 
Bill length varies across penguins.
There is no fixed cutoff, so we'll calculate the average
and assign a classification depending on a threshold
around the average value.

2026-09-04 20:19:52 | INFO | P02 | bill_length_mm - Minimum: 32.1
2026-09-04 20:19:52 | INFO | P02 | bill_length_mm - Maximum:  59.6
2026-09-04 20:19:52 | INFO | P02 | bill_length_mm - Mean:     43.9219298245614
2026-09-04 20:19:52 | INFO | P02 | -------------------------------
2026-09-04 20:19:52 | INFO | P02 | Sample bill_length_mm: 39.1
2026-09-04 20:19:52 | INFO | P02 | Short threshold multiplier: 0.9
2026-09-04 20:19:52 | INFO | P02 | Long threshold multiplier:  1.1
2026-09-04 20:19:52 | INFO | P02 | Short threshold: 39.529736842105265
2026-09-04 20:19:52 | INFO | P02 | Long threshold:  48.31412280701755
2026-09-04 20:19:52 | INFO | P02 | First row bill_length_mm classification: SHORT
2026-09-04 20:19:52 | INFO | P02 | -------------------------------
2026-09-04 20:19:52 | INFO | P02 | 06. REPEAT while a condition is true.
2026-09-04 20:19:52 | INFO | P02 | -------------------------------
2026-09-04 20:19:52 | INFO | P02 | Starting to process measurements periodically...
2026-09-04 20:19:52 | INFO | P02 | Max records to process: 10
2026-09-04 20:19:52 | INFO | P02 | Stream wait seconds: 1
2026-09-04 20:19:52 | INFO | P02 | Current count: 0
2026-09-04 20:19:52 | INFO | P02 | Current bill_length_mm: 39.1
2026-09-04 20:19:52 | INFO | P02 | Updated count: 1
2026-09-04 20:19:53 | INFO | P02 | Current bill_length_mm: 39.5
2026-09-04 20:19:53 | INFO | P02 | Updated count: 2
2026-09-04 20:19:54 | INFO | P02 | Current bill_length_mm: 40.3
2026-09-04 20:19:54 | INFO | P02 | Updated count: 3
2026-09-04 20:19:55 | INFO | P02 | Current bill_length_mm: nan
2026-09-04 20:19:55 | INFO | P02 | Updated count: 4
2026-09-04 20:19:56 | INFO | P02 | Current bill_length_mm: 36.7
2026-09-04 20:19:56 | INFO | P02 | Updated count: 5
2026-09-04 20:19:57 | INFO | P02 | Current bill_length_mm: 39.3
2026-09-04 20:19:57 | INFO | P02 | Updated count: 6
2026-09-04 20:19:58 | INFO | P02 | Current bill_length_mm: 38.9
2026-09-04 20:19:58 | INFO | P02 | Updated count: 7
2026-09-04 20:19:59 | INFO | P02 | Current bill_length_mm: 39.2
2026-09-04 20:19:59 | INFO | P02 | Updated count: 8
2026-09-04 20:20:00 | INFO | P02 | Current bill_length_mm: 34.1
2026-09-04 20:20:00 | INFO | P02 | Updated count: 9
2026-09-04 20:20:01 | INFO | P02 | Current bill_length_mm: 42.0
2026-09-04 20:20:01 | INFO | P02 | Updated count: 10
2026-09-04 20:20:02 | INFO | P02 | -------------------------------
2026-09-04 20:20:02 | INFO | P02 | 07. VISUALIZE the selected measurement.
2026-09-04 20:20:02 | INFO | P02 | -------------------------------
2026-09-04 20:20:02 | INFO | P02 | Creating a chart to visualize the selected measurement.
2026-09-04 20:20:02 | INFO | P02 | We selected one numeric column, so let's look at the distribution.
2026-09-04 20:20:03 | INFO | P02 | Chart saved successfully at docs\images\measurement-distribution.png.
2026-09-04 20:20:03 | INFO | P02 | IMPORTANT: Close chart window to continue by clicking its X or close button.
2026-09-04 21:31:16 | INFO | P02 | ===================================
2026-09-04 21:31:16 | INFO | P02 | END main() - Executed successfully!
2026-09-04 21:31:16 | INFO | P02 | ===================================
2026-09-06 13:20:46 | INFO | P02 | === RUN START ===
2026-09-06 13:20:46 | INFO | P02 | project=P02
2026-09-06 13:20:46 | INFO | P02 | repo_dir=datafun-02-automation
2026-09-06 13:20:46 | INFO | P02 | python=3.14.7
2026-09-06 13:20:46 | INFO | P02 | os=Windows 11
2026-09-06 13:20:46 | INFO | P02 | shell=powershell
2026-09-06 13:20:46 | INFO | P02 | cwd=.
2026-09-06 13:20:46 | INFO | P02 | github_actions=False
2026-09-06 13:20:46 | INFO | P02 | ===================================
2026-09-06 13:20:46 | INFO | P02 | START main()
2026-09-06 13:20:46 | INFO | P02 | ===================================
2026-09-06 13:20:46 | INFO | P02 | -------------------------------
2026-09-06 13:20:46 | INFO | P02 | 01. LOAD the data.
2026-09-06 13:20:46 | INFO | P02 | -------------------------------
2026-09-06 13:20:46 | INFO | P02 | data file = data\penguins.csv
2026-09-06 13:20:46 | INFO | P02 | Data loaded successfully.
2026-09-06 13:20:46 | INFO | P02 | -------------------------------
2026-09-06 13:20:46 | INFO | P02 | 02. INSPECT the data.
2026-09-06 13:20:46 | INFO | P02 | -------------------------------
2026-09-06 13:20:46 | INFO | P02 | START inspect
2026-09-06 13:20:46 | INFO | P02 |    row_count:    344
2026-09-06 13:20:46 | INFO | P02 |    column_count: 8
2026-09-06 13:20:46 | INFO | P02 |    column_names: ['species', 'island', 'bill_length_mm', 'bill_depth_mm', 'flipper_length_mm', 'body_mass_g', 'sex', 'year']
2026-09-06 13:20:46 | INFO | P02 | END inspect. Returning inspection_string.
2026-09-06 13:20:46 | INFO | P02 | 
----------------
Data Inspection:
----------------
    One row means: one penguin
    Row count: 344
    Column count: 8
    Column names: ['species', 'island', 'bill_length_mm', 'bill_depth_mm', 'flipper_length_mm', 'body_mass_g', 'sex', 'year']

---------------
First Few Rows:
---------------
  species     island  bill_length_mm  bill_depth_mm  flipper_length_mm  body_mass_g     sex  year
0  Adelie  Torgersen            39.1           18.7              181.0       3750.0    male  2007
1  Adelie  Torgersen            39.5           17.4              186.0       3800.0  female  2007
2  Adelie  Torgersen            40.3           18.0              195.0       3250.0  female  2007
3  Adelie  Torgersen             NaN            NaN                NaN          NaN     NaN  2007
4  Adelie  Torgersen            36.7           19.3              193.0       3450.0  female  2007

2026-09-06 13:20:46 | INFO | P02 | -------------------------------
2026-09-06 13:20:46 | INFO | P02 | 03. REPEAT logic using a for loop.
2026-09-06 13:20:46 | INFO | P02 | -------------------------------
2026-09-06 13:20:46 | INFO | P02 | Column name: species
2026-09-06 13:20:46 | INFO | P02 | Column name: island
2026-09-06 13:20:46 | INFO | P02 | Column name: bill_length_mm
2026-09-06 13:20:46 | INFO | P02 | Column name: bill_depth_mm
2026-09-06 13:20:46 | INFO | P02 | Column name: flipper_length_mm
2026-09-06 13:20:46 | INFO | P02 | Column name: body_mass_g
2026-09-06 13:20:46 | INFO | P02 | Column name: sex
2026-09-06 13:20:46 | INFO | P02 | Column name: year
2026-09-06 13:20:46 | INFO | P02 | Selected group column: species
2026-09-06 13:20:46 | INFO | P02 | Reason for choosing this group: 
The species column has a small number of unique values.
There are three unique species, so a for loop can
process and log each one.

2026-09-06 13:20:46 | INFO | P02 | Item: Adelie
2026-09-06 13:20:46 | INFO | P02 | Item: Gentoo
2026-09-06 13:20:46 | INFO | P02 | Item: Chinstrap
2026-09-06 13:20:46 | INFO | P02 | -------------------------------
2026-09-06 13:20:46 | INFO | P02 | 04. TRANSFORM one list to another list.
2026-09-06 13:20:46 | INFO | P02 | -------------------------------
2026-09-06 13:20:46 | INFO | P02 | Capitalized column names: ['SPECIES', 'ISLAND', 'BILL_LENGTH_MM', 'BILL_DEPTH_MM', 'FLIPPER_LENGTH_MM', 'BODY_MASS_G', 'SEX', 'YEAR']
2026-09-06 13:20:46 | INFO | P02 | -------------------------------
2026-09-06 13:20:46 | INFO | P02 | 05. BRANCH based on conditions.
2026-09-06 13:20:46 | INFO | P02 | -------------------------------
2026-09-06 13:20:46 | INFO | P02 | Selected measurement column: bill_length_mm
2026-09-06 13:20:46 | INFO | P02 | Reason for choosing this measurement: 
Bill length varies across penguins.
There is no fixed cutoff, so we'll calculate the average
and assign a classification depending on a threshold
around the average value.

2026-09-06 13:20:46 | INFO | P02 | bill_length_mm - Minimum: 32.1
2026-09-06 13:20:46 | INFO | P02 | bill_length_mm - Maximum:  59.6
2026-09-06 13:20:46 | INFO | P02 | bill_length_mm - Mean:     43.9219298245614
2026-09-06 13:20:46 | INFO | P02 | -------------------------------
2026-09-06 13:20:46 | INFO | P02 | Sample bill_length_mm: 39.1
2026-09-06 13:20:46 | INFO | P02 | Short threshold multiplier: 0.9
2026-09-06 13:20:46 | INFO | P02 | Long threshold multiplier:  1.1
2026-09-06 13:20:46 | INFO | P02 | Short threshold: 39.529736842105265
2026-09-06 13:20:46 | INFO | P02 | Long threshold:  48.31412280701755
2026-09-06 13:20:46 | INFO | P02 | First row bill_length_mm classification: SHORT
2026-09-06 13:20:46 | INFO | P02 | -------------------------------
2026-09-06 13:20:46 | INFO | P02 | 06. REPEAT while a condition is true.
2026-09-06 13:20:46 | INFO | P02 | -------------------------------
2026-09-06 13:20:46 | INFO | P02 | Starting to process measurements periodically...
2026-09-06 13:20:46 | INFO | P02 | Max records to process: 10
2026-09-06 13:20:46 | INFO | P02 | Stream wait seconds: 1
2026-09-06 13:20:46 | INFO | P02 | Current count: 0
2026-09-06 13:20:46 | INFO | P02 | Current bill_length_mm: 39.1
2026-09-06 13:20:46 | INFO | P02 | Updated count: 1
2026-09-06 13:20:47 | INFO | P02 | Current bill_length_mm: 39.5
2026-09-06 13:20:47 | INFO | P02 | Updated count: 2
2026-09-06 13:20:48 | INFO | P02 | Current bill_length_mm: 40.3
2026-09-06 13:20:48 | INFO | P02 | Updated count: 3
2026-09-06 13:20:49 | INFO | P02 | Current bill_length_mm: nan
2026-09-06 13:20:49 | INFO | P02 | Updated count: 4
2026-09-06 13:20:50 | INFO | P02 | Current bill_length_mm: 36.7
2026-09-06 13:20:50 | INFO | P02 | Updated count: 5
2026-09-06 13:20:51 | INFO | P02 | Current bill_length_mm: 39.3
2026-09-06 13:20:51 | INFO | P02 | Updated count: 6
2026-09-06 13:20:52 | INFO | P02 | Current bill_length_mm: 38.9
2026-09-06 13:20:52 | INFO | P02 | Updated count: 7
2026-09-06 13:20:53 | INFO | P02 | Current bill_length_mm: 39.2
2026-09-06 13:20:53 | INFO | P02 | Updated count: 8
2026-09-06 13:20:54 | INFO | P02 | Current bill_length_mm: 34.1
2026-09-06 13:20:54 | INFO | P02 | Updated count: 9
2026-09-06 13:20:55 | INFO | P02 | Current bill_length_mm: 42.0
2026-09-06 13:20:55 | INFO | P02 | Updated count: 10
2026-09-06 13:20:56 | INFO | P02 | -------------------------------
2026-09-06 13:20:56 | INFO | P02 | 07. VISUALIZE the selected measurement.
2026-09-06 13:20:56 | INFO | P02 | -------------------------------
2026-09-06 13:20:56 | INFO | P02 | Creating a chart to visualize the selected measurement.
2026-09-06 13:20:56 | INFO | P02 | We selected one numeric column, so let's look at the distribution.
2026-09-06 13:20:56 | INFO | P02 | Chart saved successfully at docs\images\measurement-distribution.png.
2026-09-06 13:20:56 | INFO | P02 | IMPORTANT: Close chart window to continue by clicking its X or close button.
2026-09-06 13:20:58 | INFO | P02 | ===================================
2026-09-06 13:20:58 | INFO | P02 | END main() - Executed successfully!
2026-09-06 13:20:58 | INFO | P02 | ===================================
2026-09-06 13:21:27 | INFO | P02 | === RUN START ===
2026-09-06 13:21:27 | INFO | P02 | project=P02
2026-09-06 13:21:27 | INFO | P02 | repo_dir=datafun-02-automation
2026-09-06 13:21:27 | INFO | P02 | python=3.14.7
2026-09-06 13:21:27 | INFO | P02 | os=Windows 11
2026-09-06 13:21:27 | INFO | P02 | shell=powershell
2026-09-06 13:21:27 | INFO | P02 | cwd=.
2026-09-06 13:21:27 | INFO | P02 | github_actions=False
2026-09-06 13:21:27 | INFO | P02 | ===================================
2026-09-06 13:21:27 | INFO | P02 | START main()
2026-09-06 13:21:27 | INFO | P02 | ===================================
2026-09-06 13:21:27 | INFO | P02 | -------------------------------
2026-09-06 13:21:27 | INFO | P02 | 01. LOAD the data.
2026-09-06 13:21:27 | INFO | P02 | -------------------------------
2026-09-06 13:21:27 | INFO | P02 | data file = data\penguins.csv
2026-09-06 13:21:27 | INFO | P02 | Data loaded successfully.
2026-09-06 13:21:27 | INFO | P02 | -------------------------------
2026-09-06 13:21:27 | INFO | P02 | 02. INSPECT the data.
2026-09-06 13:21:27 | INFO | P02 | -------------------------------
2026-09-06 13:21:27 | INFO | P02 | START inspect
2026-09-06 13:21:27 | INFO | P02 |    row_count:    344
2026-09-06 13:21:27 | INFO | P02 |    column_count: 8
2026-09-06 13:21:27 | INFO | P02 |    column_names: ['species', 'island', 'bill_length_mm', 'bill_depth_mm', 'flipper_length_mm', 'body_mass_g', 'sex', 'year']
2026-09-06 13:21:27 | INFO | P02 | END inspect. Returning inspection_string.
2026-09-06 13:21:27 | INFO | P02 | 
----------------
Data Inspection:
----------------
    One row means: one penguin
    Row count: 344
    Column count: 8
    Column names: ['species', 'island', 'bill_length_mm', 'bill_depth_mm', 'flipper_length_mm', 'body_mass_g', 'sex', 'year']

---------------
First Few Rows:
---------------
  species     island  bill_length_mm  ...  body_mass_g     sex  year
0  Adelie  Torgersen            39.1  ...       3750.0    male  2007
1  Adelie  Torgersen            39.5  ...       3800.0  female  2007
2  Adelie  Torgersen            40.3  ...       3250.0  female  2007
3  Adelie  Torgersen             NaN  ...          NaN     NaN  2007
4  Adelie  Torgersen            36.7  ...       3450.0  female  2007

[5 rows x 8 columns]

2026-09-06 13:21:27 | INFO | P02 | -------------------------------
2026-09-06 13:21:27 | INFO | P02 | 03. REPEAT logic using a for loop.
2026-09-06 13:21:27 | INFO | P02 | -------------------------------
2026-09-06 13:21:27 | INFO | P02 | Column name: species
2026-09-06 13:21:27 | INFO | P02 | Column name: island
2026-09-06 13:21:27 | INFO | P02 | Column name: bill_length_mm
2026-09-06 13:21:27 | INFO | P02 | Column name: bill_depth_mm
2026-09-06 13:21:27 | INFO | P02 | Column name: flipper_length_mm
2026-09-06 13:21:27 | INFO | P02 | Column name: body_mass_g
2026-09-06 13:21:27 | INFO | P02 | Column name: sex
2026-09-06 13:21:27 | INFO | P02 | Column name: year
2026-09-06 13:21:27 | INFO | P02 | Selected group column: species
2026-09-06 13:21:27 | INFO | P02 | Reason for choosing this group: 
The species column has a small number of unique values.
There are three unique species, so a for loop can
process and log each one.

2026-09-06 13:21:27 | INFO | P02 | Item: Adelie
2026-09-06 13:21:27 | INFO | P02 | Item: Gentoo
2026-09-06 13:21:27 | INFO | P02 | Item: Chinstrap
2026-09-06 13:21:27 | INFO | P02 | -------------------------------
2026-09-06 13:21:27 | INFO | P02 | 04. TRANSFORM one list to another list.
2026-09-06 13:21:27 | INFO | P02 | -------------------------------
2026-09-06 13:21:27 | INFO | P02 | Capitalized column names: ['SPECIES', 'ISLAND', 'BILL_LENGTH_MM', 'BILL_DEPTH_MM', 'FLIPPER_LENGTH_MM', 'BODY_MASS_G', 'SEX', 'YEAR']
2026-09-06 13:21:27 | INFO | P02 | -------------------------------
2026-09-06 13:21:27 | INFO | P02 | 05. BRANCH based on conditions.
2026-09-06 13:21:27 | INFO | P02 | -------------------------------
2026-09-06 13:21:27 | INFO | P02 | Selected measurement column: bill_length_mm
2026-09-06 13:21:27 | INFO | P02 | Reason for choosing this measurement: 
Bill length varies across penguins.
There is no fixed cutoff, so we'll calculate the average
and assign a classification depending on a threshold
around the average value.

2026-09-06 13:21:27 | INFO | P02 | bill_length_mm - Minimum: 32.1
2026-09-06 13:21:27 | INFO | P02 | bill_length_mm - Maximum:  59.6
2026-09-06 13:21:27 | INFO | P02 | bill_length_mm - Mean:     43.9219298245614
2026-09-06 13:21:27 | INFO | P02 | -------------------------------
2026-09-06 13:21:27 | INFO | P02 | Sample bill_length_mm: 39.1
2026-09-06 13:21:27 | INFO | P02 | Short threshold multiplier: 0.9
2026-09-06 13:21:27 | INFO | P02 | Long threshold multiplier:  1.1
2026-09-06 13:21:27 | INFO | P02 | Short threshold: 39.529736842105265
2026-09-06 13:21:27 | INFO | P02 | Long threshold:  48.31412280701755
2026-09-06 13:21:27 | INFO | P02 | First row bill_length_mm classification: SHORT
2026-09-06 13:21:27 | INFO | P02 | -------------------------------
2026-09-06 13:21:27 | INFO | P02 | 06. REPEAT while a condition is true.
2026-09-06 13:21:27 | INFO | P02 | -------------------------------
2026-09-06 13:21:27 | INFO | P02 | Starting to process measurements periodically...
2026-09-06 13:21:27 | INFO | P02 | Max records to process: 10
2026-09-06 13:21:27 | INFO | P02 | Stream wait seconds: 1
2026-09-06 13:21:27 | INFO | P02 | Current count: 0
2026-09-06 13:21:27 | INFO | P02 | Current bill_length_mm: 39.1
2026-09-06 13:21:27 | INFO | P02 | Updated count: 1
2026-09-06 13:21:28 | INFO | P02 | Current bill_length_mm: 39.5
2026-09-06 13:21:28 | INFO | P02 | Updated count: 2
2026-09-06 13:21:29 | INFO | P02 | Current bill_length_mm: 40.3
2026-09-06 13:21:29 | INFO | P02 | Updated count: 3
2026-09-06 13:21:30 | INFO | P02 | Current bill_length_mm: nan
2026-09-06 13:21:30 | INFO | P02 | Updated count: 4
2026-09-06 13:21:31 | INFO | P02 | Current bill_length_mm: 36.7
2026-09-06 13:21:31 | INFO | P02 | Updated count: 5
2026-09-06 13:21:32 | INFO | P02 | Current bill_length_mm: 39.3
2026-09-06 13:21:32 | INFO | P02 | Updated count: 6
2026-09-06 13:21:33 | INFO | P02 | Current bill_length_mm: 38.9
2026-09-06 13:21:33 | INFO | P02 | Updated count: 7
2026-09-06 13:21:34 | INFO | P02 | Current bill_length_mm: 39.2
2026-09-06 13:21:34 | INFO | P02 | Updated count: 8
2026-09-06 13:21:35 | INFO | P02 | Current bill_length_mm: 34.1
2026-09-06 13:21:35 | INFO | P02 | Updated count: 9
2026-09-06 13:21:36 | INFO | P02 | Current bill_length_mm: 42.0
2026-09-06 13:21:36 | INFO | P02 | Updated count: 10
2026-09-06 13:21:37 | INFO | P02 | -------------------------------
2026-09-06 13:21:37 | INFO | P02 | 07. VISUALIZE the selected measurement.
2026-09-06 13:21:37 | INFO | P02 | -------------------------------
2026-09-06 13:21:37 | INFO | P02 | Creating a chart to visualize the selected measurement.
2026-09-06 13:21:37 | INFO | P02 | We selected one numeric column, so let's look at the distribution.
2026-09-06 13:21:37 | INFO | P02 | Chart saved successfully at docs\images\measurement-distribution.png.
2026-09-06 13:21:37 | INFO | P02 | IMPORTANT: Close chart window to continue by clicking its X or close button.
2026-09-06 13:21:37 | INFO | P02 | ===================================
2026-09-06 13:21:37 | INFO | P02 | END main() - Executed successfully!
2026-09-06 13:21:37 | INFO | P02 | ===================================
2026-09-06 13:44:35 | INFO | P02 | === RUN START ===
2026-09-06 13:44:35 | INFO | P02 | project=P02
2026-09-06 13:44:35 | INFO | P02 | repo_dir=datafun-02-automation
2026-09-06 13:44:35 | INFO | P02 | python=3.14.7
2026-09-06 13:44:35 | INFO | P02 | os=Windows 11
2026-09-06 13:44:35 | INFO | P02 | shell=powershell
2026-09-06 13:44:35 | INFO | P02 | cwd=.
2026-09-06 13:44:35 | INFO | P02 | github_actions=False
2026-09-06 13:44:35 | INFO | P02 | ===================================
2026-09-06 13:44:35 | INFO | P02 | START main()
2026-09-06 13:44:35 | INFO | P02 | ===================================
2026-09-06 13:44:35 | INFO | P02 | -------------------------------
2026-09-06 13:44:35 | INFO | P02 | 01. LOAD the data.
2026-09-06 13:44:35 | INFO | P02 | -------------------------------
2026-09-06 13:44:35 | INFO | P02 | data file = data\penguins.csv
2026-09-06 13:44:35 | INFO | P02 | Data loaded successfully.
2026-09-06 13:44:35 | INFO | P02 | -------------------------------
2026-09-06 13:44:35 | INFO | P02 | 02. INSPECT the data.
2026-09-06 13:44:35 | INFO | P02 | -------------------------------
2026-09-06 13:44:35 | INFO | P02 | START inspect
2026-09-06 13:44:35 | INFO | P02 |    row_count:    344
2026-09-06 13:44:35 | INFO | P02 |    column_count: 8
2026-09-06 13:44:35 | INFO | P02 |    column_names: ['species', 'island', 'bill_length_mm', 'bill_depth_mm', 'flipper_length_mm', 'body_mass_g', 'sex', 'year']
2026-09-06 13:44:35 | INFO | P02 | END inspect. Returning inspection_string.
2026-09-06 13:44:35 | INFO | P02 | 
----------------
Data Inspection:
----------------
    One row means: one penguin
    Row count: 344
    Column count: 8
    Column names: ['species', 'island', 'bill_length_mm', 'bill_depth_mm', 'flipper_length_mm', 'body_mass_g', 'sex', 'year']

---------------
First Few Rows:
---------------
  species     island  bill_length_mm  bill_depth_mm  flipper_length_mm  body_mass_g     sex  year
0  Adelie  Torgersen            39.1           18.7              181.0       3750.0    male  2007
1  Adelie  Torgersen            39.5           17.4              186.0       3800.0  female  2007
2  Adelie  Torgersen            40.3           18.0              195.0       3250.0  female  2007
3  Adelie  Torgersen             NaN            NaN                NaN          NaN     NaN  2007
4  Adelie  Torgersen            36.7           19.3              193.0       3450.0  female  2007

2026-09-06 13:44:35 | INFO | P02 | -------------------------------
2026-09-06 13:44:35 | INFO | P02 | 03. REPEAT logic using a for loop.
2026-09-06 13:44:35 | INFO | P02 | -------------------------------
2026-09-06 13:44:35 | INFO | P02 | Column name: species
2026-09-06 13:44:35 | INFO | P02 | Column name: island
2026-09-06 13:44:35 | INFO | P02 | Column name: bill_length_mm
2026-09-06 13:44:35 | INFO | P02 | Column name: bill_depth_mm
2026-09-06 13:44:35 | INFO | P02 | Column name: flipper_length_mm
2026-09-06 13:44:35 | INFO | P02 | Column name: body_mass_g
2026-09-06 13:44:35 | INFO | P02 | Column name: sex
2026-09-06 13:44:35 | INFO | P02 | Column name: year
2026-09-06 13:44:35 | INFO | P02 | Selected group column: species
2026-09-06 13:44:35 | INFO | P02 | Reason for choosing this group: 
The species column has a small number of unique values.
There are three unique species, so a for loop can
process and log each one.

2026-09-06 13:44:35 | INFO | P02 | Item: Adelie
2026-09-06 13:44:35 | INFO | P02 | Item: Gentoo
2026-09-06 13:44:35 | INFO | P02 | Item: Chinstrap
2026-09-06 13:44:35 | INFO | P02 | -------------------------------
2026-09-06 13:44:35 | INFO | P02 | 04. TRANSFORM one list to another list.
2026-09-06 13:44:35 | INFO | P02 | -------------------------------
2026-09-06 13:44:35 | INFO | P02 | Capitalized column names: ['SPECIES', 'ISLAND', 'BILL_LENGTH_MM', 'BILL_DEPTH_MM', 'FLIPPER_LENGTH_MM', 'BODY_MASS_G', 'SEX', 'YEAR']
2026-09-06 13:44:35 | INFO | P02 | -------------------------------
2026-09-06 13:44:35 | INFO | P02 | 05. BRANCH based on conditions.
2026-09-06 13:44:35 | INFO | P02 | -------------------------------
2026-09-06 13:44:35 | INFO | P02 | Selected measurement column: bill_length_mm
2026-09-06 13:44:35 | INFO | P02 | Reason for choosing this measurement: 
Bill length varies across penguins.
There is no fixed cutoff, so we'll calculate the average
and assign a classification depending on a threshold
around the average value.

2026-09-06 13:44:35 | INFO | P02 | bill_length_mm - Minimum: 32.1
2026-09-06 13:44:35 | INFO | P02 | bill_length_mm - Maximum:  59.6
2026-09-06 13:44:35 | INFO | P02 | bill_length_mm - Mean:     43.9219298245614
2026-09-06 13:44:35 | INFO | P02 | -------------------------------
2026-09-06 13:44:35 | INFO | P02 | Sample bill_length_mm: 39.1
2026-09-06 13:44:35 | INFO | P02 | Short threshold multiplier: 0.9
2026-09-06 13:44:35 | INFO | P02 | Long threshold multiplier:  1.1
2026-09-06 13:44:35 | INFO | P02 | Short threshold: 39.529736842105265
2026-09-06 13:44:35 | INFO | P02 | Long threshold:  48.31412280701755
2026-09-06 13:44:35 | INFO | P02 | First row bill_length_mm classification: SHORT
2026-09-06 13:44:35 | INFO | P02 | -------------------------------
2026-09-06 13:44:35 | INFO | P02 | 06. REPEAT while a condition is true.
2026-09-06 13:44:35 | INFO | P02 | -------------------------------
2026-09-06 13:44:35 | INFO | P02 | Starting to process measurements periodically...
2026-09-06 13:44:35 | INFO | P02 | Max records to process: 10
2026-09-06 13:44:35 | INFO | P02 | Stream wait seconds: 1
2026-09-06 13:44:35 | INFO | P02 | Current count: 0
2026-09-06 13:44:35 | INFO | P02 | Current bill_length_mm: 39.1
2026-09-06 13:44:35 | INFO | P02 | Updated count: 1
2026-09-06 13:44:36 | INFO | P02 | Current bill_length_mm: 39.5
2026-09-06 13:44:36 | INFO | P02 | Updated count: 2
2026-09-06 13:44:37 | INFO | P02 | Current bill_length_mm: 40.3
2026-09-06 13:44:37 | INFO | P02 | Updated count: 3
2026-09-06 13:44:38 | INFO | P02 | Current bill_length_mm: nan
2026-09-06 13:44:38 | INFO | P02 | Updated count: 4
2026-09-06 13:44:39 | INFO | P02 | Current bill_length_mm: 36.7
2026-09-06 13:44:39 | INFO | P02 | Updated count: 5
2026-09-06 13:44:40 | INFO | P02 | Current bill_length_mm: 39.3
2026-09-06 13:44:40 | INFO | P02 | Updated count: 6
2026-09-06 13:44:41 | INFO | P02 | Current bill_length_mm: 38.9
2026-09-06 13:44:41 | INFO | P02 | Updated count: 7
2026-09-06 13:44:42 | INFO | P02 | Current bill_length_mm: 39.2
2026-09-06 13:44:42 | INFO | P02 | Updated count: 8
2026-09-06 13:44:43 | INFO | P02 | Current bill_length_mm: 34.1
2026-09-06 13:44:43 | INFO | P02 | Updated count: 9
2026-09-06 13:44:44 | INFO | P02 | Current bill_length_mm: 42.0
2026-09-06 13:44:44 | INFO | P02 | Updated count: 10
2026-09-06 13:44:45 | INFO | P02 | -------------------------------
2026-09-06 13:44:45 | INFO | P02 | 07. VISUALIZE the selected measurement.
2026-09-06 13:44:45 | INFO | P02 | -------------------------------
2026-09-06 13:44:45 | INFO | P02 | Creating a chart to visualize the selected measurement.
2026-09-06 13:44:45 | INFO | P02 | We selected one numeric column, so let's look at the distribution.
2026-09-06 13:44:45 | INFO | P02 | Chart saved successfully at docs\images\measurement-distribution.png.
2026-09-06 13:44:45 | INFO | P02 | IMPORTANT: Close chart window to continue by clicking its X or close button.
2026-09-06 13:44:47 | INFO | P02 | ===================================
2026-09-06 13:44:47 | INFO | P02 | END main() - Executed successfully!
2026-09-06 13:44:47 | INFO | P02 | ===================================
2026-09-06 14:01:28 | INFO | P02 | === RUN START ===
2026-09-06 14:01:28 | INFO | P02 | project=P02
2026-09-06 14:01:28 | INFO | P02 | repo_dir=datafun-02-automation
2026-09-06 14:01:28 | INFO | P02 | python=3.14.7
2026-09-06 14:01:28 | INFO | P02 | os=Windows 11
2026-09-06 14:01:28 | INFO | P02 | shell=powershell
2026-09-06 14:01:28 | INFO | P02 | cwd=.
2026-09-06 14:01:28 | INFO | P02 | github_actions=False
2026-09-06 14:01:28 | INFO | P02 | ===================================
2026-09-06 14:01:28 | INFO | P02 | START main()
2026-09-06 14:01:28 | INFO | P02 | ===================================
2026-09-06 14:01:28 | INFO | P02 | -------------------------------
2026-09-06 14:01:28 | INFO | P02 | 01. LOAD the data.
2026-09-06 14:01:28 | INFO | P02 | -------------------------------
2026-09-06 14:01:28 | INFO | P02 | data file = data\penguins.csv
2026-09-06 14:01:28 | INFO | P02 | Data loaded successfully.
2026-09-06 14:01:28 | INFO | P02 | -------------------------------
2026-09-06 14:01:28 | INFO | P02 | 02. INSPECT the data.
2026-09-06 14:01:28 | INFO | P02 | -------------------------------
2026-09-06 14:01:28 | INFO | P02 | START inspect
2026-09-06 14:01:28 | INFO | P02 |    row_count:    344
2026-09-06 14:01:28 | INFO | P02 |    column_count: 8
2026-09-06 14:01:28 | INFO | P02 |    column_names: ['species', 'island', 'bill_length_mm', 'bill_depth_mm', 'flipper_length_mm', 'body_mass_g', 'sex', 'year']
2026-09-06 14:01:28 | INFO | P02 | END inspect. Returning inspection_string.
2026-09-06 14:01:28 | INFO | P02 | 
----------------
Data Inspection:
----------------
    One row means: one penguin
    Row count: 344
    Column count: 8
    Column names: ['species', 'island', 'bill_length_mm', 'bill_depth_mm', 'flipper_length_mm', 'body_mass_g', 'sex', 'year']

---------------
First Few Rows:
---------------
  species     island  bill_length_mm  bill_depth_mm  flipper_length_mm  body_mass_g     sex  year
0  Adelie  Torgersen            39.1           18.7              181.0       3750.0    male  2007
1  Adelie  Torgersen            39.5           17.4              186.0       3800.0  female  2007
2  Adelie  Torgersen            40.3           18.0              195.0       3250.0  female  2007
3  Adelie  Torgersen             NaN            NaN                NaN          NaN     NaN  2007
4  Adelie  Torgersen            36.7           19.3              193.0       3450.0  female  2007

2026-09-06 14:01:28 | INFO | P02 | -------------------------------
2026-09-06 14:01:28 | INFO | P02 | 03. REPEAT logic using a for loop.
2026-09-06 14:01:28 | INFO | P02 | -------------------------------
2026-09-06 14:01:28 | INFO | P02 | Column name: species
2026-09-06 14:01:28 | INFO | P02 | Column name: island
2026-09-06 14:01:28 | INFO | P02 | Column name: bill_length_mm
2026-09-06 14:01:28 | INFO | P02 | Column name: bill_depth_mm
2026-09-06 14:01:28 | INFO | P02 | Column name: flipper_length_mm
2026-09-06 14:01:28 | INFO | P02 | Column name: body_mass_g
2026-09-06 14:01:28 | INFO | P02 | Column name: sex
2026-09-06 14:01:28 | INFO | P02 | Column name: year
2026-09-06 14:01:28 | INFO | P02 | Selected group column: species
2026-09-06 14:01:28 | INFO | P02 | Reason for choosing this group: 
The species column has a small number of unique values.
There are three unique species, so a for loop can
process and log each one.

2026-09-06 14:01:28 | INFO | P02 | Item: Adelie
2026-09-06 14:01:28 | INFO | P02 | Item: Gentoo
2026-09-06 14:01:28 | INFO | P02 | Item: Chinstrap
2026-09-06 14:01:28 | INFO | P02 | -------------------------------
2026-09-06 14:01:28 | INFO | P02 | 04. TRANSFORM one list to another list.
2026-09-06 14:01:28 | INFO | P02 | -------------------------------
2026-09-06 14:01:28 | INFO | P02 | Capitalized column names: ['SPECIES', 'ISLAND', 'BILL_LENGTH_MM', 'BILL_DEPTH_MM', 'FLIPPER_LENGTH_MM', 'BODY_MASS_G', 'SEX', 'YEAR']
2026-09-06 14:01:28 | INFO | P02 | -------------------------------
2026-09-06 14:01:28 | INFO | P02 | 05. BRANCH based on conditions.
2026-09-06 14:01:28 | INFO | P02 | -------------------------------
2026-09-06 14:01:28 | INFO | P02 | Selected measurement column: bill_length_mm
2026-09-06 14:01:28 | INFO | P02 | Reason for choosing this measurement: 
Bill length varies across penguins.
There is no fixed cutoff, so we'll calculate the average
and assign a classification depending on a threshold
around the average value.

2026-09-06 14:01:28 | INFO | P02 | bill_length_mm - Minimum: 32.1
2026-09-06 14:01:28 | INFO | P02 | bill_length_mm - Maximum:  59.6
2026-09-06 14:01:28 | INFO | P02 | bill_length_mm - Mean:     43.9219298245614
2026-09-06 14:01:28 | INFO | P02 | -------------------------------
2026-09-06 14:01:28 | INFO | P02 | Sample bill_length_mm: 39.1
2026-09-06 14:01:28 | INFO | P02 | Short threshold multiplier: 0.9
2026-09-06 14:01:28 | INFO | P02 | Long threshold multiplier:  1.1
2026-09-06 14:01:28 | INFO | P02 | Short threshold: 39.529736842105265
2026-09-06 14:01:28 | INFO | P02 | Long threshold:  48.31412280701755
2026-09-06 14:01:28 | INFO | P02 | First row bill_length_mm classification: SHORT
2026-09-06 14:01:28 | INFO | P02 | -------------------------------
2026-09-06 14:01:28 | INFO | P02 | 06. REPEAT while a condition is true.
2026-09-06 14:01:28 | INFO | P02 | -------------------------------
2026-09-06 14:01:28 | INFO | P02 | Starting to process measurements periodically...
2026-09-06 14:01:28 | INFO | P02 | Max records to process: 10
2026-09-06 14:01:28 | INFO | P02 | Stream wait seconds: 1
2026-09-06 14:01:28 | INFO | P02 | Current count: 0
2026-09-06 14:01:28 | INFO | P02 | Current bill_length_mm: 39.1
2026-09-06 14:01:28 | INFO | P02 | Updated count: 1
2026-09-06 14:01:29 | INFO | P02 | Current bill_length_mm: 39.5
2026-09-06 14:01:29 | INFO | P02 | Updated count: 2
2026-09-06 14:01:30 | INFO | P02 | Current bill_length_mm: 40.3
2026-09-06 14:01:30 | INFO | P02 | Updated count: 3
2026-09-06 14:01:31 | INFO | P02 | Current bill_length_mm: nan
2026-09-06 14:01:31 | INFO | P02 | Updated count: 4
2026-09-06 14:01:32 | INFO | P02 | Current bill_length_mm: 36.7
2026-09-06 14:01:32 | INFO | P02 | Updated count: 5
2026-09-06 14:01:33 | INFO | P02 | Current bill_length_mm: 39.3
2026-09-06 14:01:33 | INFO | P02 | Updated count: 6
2026-09-06 14:01:34 | INFO | P02 | Current bill_length_mm: 38.9
2026-09-06 14:01:34 | INFO | P02 | Updated count: 7
2026-09-06 14:01:35 | INFO | P02 | Current bill_length_mm: 39.2
2026-09-06 14:01:35 | INFO | P02 | Updated count: 8
2026-09-06 14:01:36 | INFO | P02 | Current bill_length_mm: 34.1
2026-09-06 14:01:36 | INFO | P02 | Updated count: 9
2026-09-06 14:01:37 | INFO | P02 | Current bill_length_mm: 42.0
2026-09-06 14:01:37 | INFO | P02 | Updated count: 10
2026-09-06 14:01:38 | INFO | P02 | -------------------------------
2026-09-06 14:01:38 | INFO | P02 | 07. VISUALIZE the selected measurement.
2026-09-06 14:01:38 | INFO | P02 | -------------------------------
2026-09-06 14:01:38 | INFO | P02 | Creating a chart to visualize the selected measurement.
2026-09-06 14:01:38 | INFO | P02 | We selected one numeric column, so let's look at the distribution.
2026-09-06 14:01:38 | INFO | P02 | Chart saved successfully at docs\images\measurement-distribution.png.
2026-09-06 14:01:38 | INFO | P02 | IMPORTANT: Close chart window to continue by clicking its X or close button.
2026-09-06 14:02:28 | INFO | P02 | ===================================
2026-09-06 14:02:28 | INFO | P02 | END main() - Executed successfully!
2026-09-06 14:02:28 | INFO | P02 | ===================================
2026-09-06 14:27:55 | INFO | P02 | === RUN START ===
2026-09-06 14:27:55 | INFO | P02 | project=P02
2026-09-06 14:27:55 | INFO | P02 | repo_dir=datafun-02-automation
2026-09-06 14:27:55 | INFO | P02 | python=3.14.7
2026-09-06 14:27:55 | INFO | P02 | os=Windows 11
2026-09-06 14:27:55 | INFO | P02 | shell=powershell
2026-09-06 14:27:55 | INFO | P02 | cwd=.
2026-09-06 14:27:55 | INFO | P02 | github_actions=False
2026-09-06 14:27:55 | INFO | P02 | ===================================
2026-09-06 14:27:55 | INFO | P02 | START main()
2026-09-06 14:27:55 | INFO | P02 | ===================================
2026-09-06 14:27:55 | INFO | P02 | -------------------------------
2026-09-06 14:27:55 | INFO | P02 | 01. LOAD the data.
2026-09-06 14:27:55 | INFO | P02 | -------------------------------
2026-09-06 14:27:55 | INFO | P02 | data file = data\penguins.csv
2026-09-06 14:27:55 | INFO | P02 | Data loaded successfully.
2026-09-06 14:27:55 | INFO | P02 | -------------------------------
2026-09-06 14:27:55 | INFO | P02 | 02. INSPECT the data.
2026-09-06 14:27:55 | INFO | P02 | -------------------------------
2026-09-06 14:27:55 | INFO | P02 | START inspect
2026-09-06 14:27:55 | INFO | P02 |    row_count:    344
2026-09-06 14:27:55 | INFO | P02 |    column_count: 8
2026-09-06 14:27:55 | INFO | P02 |    column_names: ['species', 'island', 'bill_length_mm', 'bill_depth_mm', 'flipper_length_mm', 'body_mass_g', 'sex', 'year']
2026-09-06 14:27:55 | INFO | P02 | END inspect. Returning inspection_string.
2026-09-06 14:27:55 | INFO | P02 | 
----------------
Data Inspection:
----------------
    One row means: one penguin
    Row count: 344
    Column count: 8
    Column names: ['species', 'island', 'bill_length_mm', 'bill_depth_mm', 'flipper_length_mm', 'body_mass_g', 'sex', 'year']

---------------
First Few Rows:
---------------
  species     island  bill_length_mm  bill_depth_mm  flipper_length_mm  body_mass_g     sex  year
0  Adelie  Torgersen            39.1           18.7              181.0       3750.0    male  2007
1  Adelie  Torgersen            39.5           17.4              186.0       3800.0  female  2007
2  Adelie  Torgersen            40.3           18.0              195.0       3250.0  female  2007
3  Adelie  Torgersen             NaN            NaN                NaN          NaN     NaN  2007
4  Adelie  Torgersen            36.7           19.3              193.0       3450.0  female  2007

2026-09-06 14:27:55 | INFO | P02 | -------------------------------
2026-09-06 14:27:55 | INFO | P02 | 03. REPEAT logic using a for loop.
2026-09-06 14:27:55 | INFO | P02 | -------------------------------
2026-09-06 14:27:55 | INFO | P02 | Column name: species
2026-09-06 14:27:55 | INFO | P02 | Column name: island
2026-09-06 14:27:55 | INFO | P02 | Column name: bill_length_mm
2026-09-06 14:27:55 | INFO | P02 | Column name: bill_depth_mm
2026-09-06 14:27:55 | INFO | P02 | Column name: flipper_length_mm
2026-09-06 14:27:55 | INFO | P02 | Column name: body_mass_g
2026-09-06 14:27:55 | INFO | P02 | Column name: sex
2026-09-06 14:27:55 | INFO | P02 | Column name: year
2026-09-06 14:27:55 | INFO | P02 | Selected group column: species
2026-09-06 14:27:55 | INFO | P02 | Reason for choosing this group: 
The species column has a small number of unique values.
There are three unique species, so a for loop can
process and log each one.

2026-09-06 14:27:55 | INFO | P02 | Item: Adelie
2026-09-06 14:27:55 | INFO | P02 | Item: Gentoo
2026-09-06 14:27:55 | INFO | P02 | Item: Chinstrap
2026-09-06 14:27:55 | INFO | P02 | -------------------------------
2026-09-06 14:27:55 | INFO | P02 | 04. TRANSFORM one list to another list.
2026-09-06 14:27:55 | INFO | P02 | -------------------------------
2026-09-06 14:27:55 | INFO | P02 | Capitalized column names: ['SPECIES', 'ISLAND', 'BILL_LENGTH_MM', 'BILL_DEPTH_MM', 'FLIPPER_LENGTH_MM', 'BODY_MASS_G', 'SEX', 'YEAR']
2026-09-06 14:27:55 | INFO | P02 | -------------------------------
2026-09-06 14:27:55 | INFO | P02 | 05. BRANCH based on conditions.
2026-09-06 14:27:55 | INFO | P02 | -------------------------------
2026-09-06 14:27:55 | INFO | P02 | Selected measurement column: bill_length_mm
2026-09-06 14:27:55 | INFO | P02 | Reason for choosing this measurement: 
Bill length varies across penguins.
There is no fixed cutoff, so we'll calculate the average
and assign a classification depending on a threshold
around the average value.

2026-09-06 14:27:55 | INFO | P02 | bill_length_mm - Minimum: 32.1
2026-09-06 14:27:55 | INFO | P02 | bill_length_mm - Maximum:  59.6
2026-09-06 14:27:55 | INFO | P02 | bill_length_mm - Mean:     43.9219298245614
2026-09-06 14:27:55 | INFO | P02 | -------------------------------
2026-09-06 14:27:55 | INFO | P02 | Sample bill_length_mm: 39.1
2026-09-06 14:27:55 | INFO | P02 | Short threshold multiplier: 0.9
2026-09-06 14:27:55 | INFO | P02 | Long threshold multiplier:  1.1
2026-09-06 14:27:55 | INFO | P02 | Short threshold: 39.529736842105265
2026-09-06 14:27:55 | INFO | P02 | Long threshold:  48.31412280701755
2026-09-06 14:27:55 | INFO | P02 | First row bill_length_mm classification: SHORT
2026-09-06 14:27:55 | INFO | P02 | -------------------------------
2026-09-06 14:27:55 | INFO | P02 | 06. REPEAT while a condition is true.
2026-09-06 14:27:55 | INFO | P02 | -------------------------------
2026-09-06 14:27:55 | INFO | P02 | Starting to process measurements periodically...
2026-09-06 14:27:55 | INFO | P02 | Max records to process: 10
2026-09-06 14:27:55 | INFO | P02 | Stream wait seconds: 1
2026-09-06 14:27:55 | INFO | P02 | Current count: 0
2026-09-06 14:27:55 | INFO | P02 | Current bill_length_mm: 39.1
2026-09-06 14:27:55 | INFO | P02 | Updated count: 1
2026-09-06 14:27:56 | INFO | P02 | Current bill_length_mm: 39.5
2026-09-06 14:27:56 | INFO | P02 | Updated count: 2
2026-09-06 14:27:57 | INFO | P02 | Current bill_length_mm: 40.3
2026-09-06 14:27:57 | INFO | P02 | Updated count: 3
2026-09-06 14:27:58 | INFO | P02 | Current bill_length_mm: nan
2026-09-06 14:27:58 | INFO | P02 | Updated count: 4
2026-09-06 14:27:59 | INFO | P02 | Current bill_length_mm: 36.7
2026-09-06 14:27:59 | INFO | P02 | Updated count: 5
2026-09-06 14:28:00 | INFO | P02 | Current bill_length_mm: 39.3
2026-09-06 14:28:00 | INFO | P02 | Updated count: 6
2026-09-06 14:28:01 | INFO | P02 | Current bill_length_mm: 38.9
2026-09-06 14:28:01 | INFO | P02 | Updated count: 7
2026-09-06 14:28:02 | INFO | P02 | Current bill_length_mm: 39.2
2026-09-06 14:28:02 | INFO | P02 | Updated count: 8
2026-09-06 14:28:03 | INFO | P02 | Current bill_length_mm: 34.1
2026-09-06 14:28:03 | INFO | P02 | Updated count: 9
2026-09-06 14:28:04 | INFO | P02 | Current bill_length_mm: 42.0
2026-09-06 14:28:04 | INFO | P02 | Updated count: 10
2026-09-06 14:28:05 | INFO | P02 | -------------------------------
2026-09-06 14:28:05 | INFO | P02 | 07. VISUALIZE the selected measurement.
2026-09-06 14:28:05 | INFO | P02 | -------------------------------
2026-09-06 14:28:05 | INFO | P02 | Creating a chart to visualize the selected measurement.
2026-09-06 14:28:05 | INFO | P02 | We selected one numeric column, so let's look at the distribution.
2026-09-06 14:28:05 | INFO | P02 | Chart saved successfully at docs\images\measurement-distribution.png.
2026-09-06 14:28:05 | INFO | P02 | IMPORTANT: Close chart window to continue by clicking its X or close button.
2026-09-06 14:28:07 | INFO | P02 | ===================================
2026-09-06 14:28:07 | INFO | P02 | END main() - Executed successfully!
2026-09-06 14:28:07 | INFO | P02 | ===================================
2026-09-06 14:41:47 | INFO | P02 | === RUN START ===
2026-09-06 14:41:47 | INFO | P02 | project=P02
2026-09-06 14:41:47 | INFO | P02 | repo_dir=datafun-02-automation
2026-09-06 14:41:47 | INFO | P02 | python=3.14.7
2026-09-06 14:41:47 | INFO | P02 | os=Windows 11
2026-09-06 14:41:47 | INFO | P02 | shell=powershell
2026-09-06 14:41:47 | INFO | P02 | cwd=src\datafun
2026-09-06 14:41:47 | INFO | P02 | github_actions=False
2026-09-06 14:41:47 | INFO | P02 | ===================================
2026-09-06 14:41:47 | INFO | P02 | START main()
2026-09-06 14:41:47 | INFO | P02 | ===================================
2026-09-06 14:41:47 | INFO | P02 | -------------------------------
2026-09-06 14:41:47 | INFO | P02 | 01. LOAD the data.
2026-09-06 14:41:47 | INFO | P02 | -------------------------------
2026-09-06 14:41:47 | INFO | P02 | data file = src\datafun\data\penguins.csv
2026-09-06 14:42:47 | INFO | P02 | === RUN START ===
2026-09-06 14:42:47 | INFO | P02 | project=P02
2026-09-06 14:42:47 | INFO | P02 | repo_dir=datafun-02-automation
2026-09-06 14:42:47 | INFO | P02 | python=3.14.7
2026-09-06 14:42:47 | INFO | P02 | os=Windows 11
2026-09-06 14:42:47 | INFO | P02 | shell=powershell
2026-09-06 14:42:47 | INFO | P02 | cwd=.
2026-09-06 14:42:47 | INFO | P02 | github_actions=False
2026-09-06 14:42:47 | INFO | P02 | ===================================
2026-09-06 14:42:47 | INFO | P02 | START main()
2026-09-06 14:42:47 | INFO | P02 | ===================================
2026-09-06 14:42:47 | INFO | P02 | -------------------------------
2026-09-06 14:42:47 | INFO | P02 | 01. LOAD the data.
2026-09-06 14:42:47 | INFO | P02 | -------------------------------
2026-09-06 14:42:47 | INFO | P02 | data file = data\penguins.csv
2026-09-06 14:42:47 | INFO | P02 | Data loaded successfully.
2026-09-06 14:42:47 | INFO | P02 | -------------------------------
2026-09-06 14:42:47 | INFO | P02 | 02. INSPECT the data.
2026-09-06 14:42:47 | INFO | P02 | -------------------------------
2026-09-06 14:42:47 | INFO | P02 | START inspect
2026-09-06 14:42:47 | INFO | P02 |    row_count:    344
2026-09-06 14:42:47 | INFO | P02 |    column_count: 8
2026-09-06 14:42:47 | INFO | P02 |    column_names: ['species', 'island', 'bill_length_mm', 'bill_depth_mm', 'flipper_length_mm', 'body_mass_g', 'sex', 'year']
2026-09-06 14:42:47 | INFO | P02 | END inspect. Returning inspection_string.
2026-09-06 14:42:47 | INFO | P02 | 
----------------
Data Inspection:
----------------
    One row means: one penguin
    Row count: 344
    Column count: 8
    Column names: ['species', 'island', 'bill_length_mm', 'bill_depth_mm', 'flipper_length_mm', 'body_mass_g', 'sex', 'year']

---------------
First Few Rows:
---------------
  species     island  bill_length_mm  bill_depth_mm  flipper_length_mm  body_mass_g     sex  year
0  Adelie  Torgersen            39.1           18.7              181.0       3750.0    male  2007
1  Adelie  Torgersen            39.5           17.4              186.0       3800.0  female  2007
2  Adelie  Torgersen            40.3           18.0              195.0       3250.0  female  2007
3  Adelie  Torgersen             NaN            NaN                NaN          NaN     NaN  2007
4  Adelie  Torgersen            36.7           19.3              193.0       3450.0  female  2007

2026-09-06 14:42:47 | INFO | P02 | -------------------------------
2026-09-06 14:42:47 | INFO | P02 | 03. REPEAT logic using a for loop.
2026-09-06 14:42:47 | INFO | P02 | -------------------------------
2026-09-06 14:42:47 | INFO | P02 | Column name: species
2026-09-06 14:42:47 | INFO | P02 | Column name: island
2026-09-06 14:42:47 | INFO | P02 | Column name: bill_length_mm
2026-09-06 14:42:47 | INFO | P02 | Column name: bill_depth_mm
2026-09-06 14:42:47 | INFO | P02 | Column name: flipper_length_mm
2026-09-06 14:42:47 | INFO | P02 | Column name: body_mass_g
2026-09-06 14:42:47 | INFO | P02 | Column name: sex
2026-09-06 14:42:47 | INFO | P02 | Column name: year
2026-09-06 14:42:47 | INFO | P02 | Selected group column: species
2026-09-06 14:42:47 | INFO | P02 | Reason for choosing this group: 
The species column has a small number of unique values.
There are three unique species, so a for loop can
process and log each one.

2026-09-06 14:42:47 | INFO | P02 | Item: Adelie
2026-09-06 14:42:47 | INFO | P02 | Item: Gentoo
2026-09-06 14:42:47 | INFO | P02 | Item: Chinstrap
2026-09-06 14:42:47 | INFO | P02 | -------------------------------
2026-09-06 14:42:47 | INFO | P02 | 04. TRANSFORM one list to another list.
2026-09-06 14:42:47 | INFO | P02 | -------------------------------
2026-09-06 14:42:47 | INFO | P02 | Capitalized column names: ['SPECIES', 'ISLAND', 'BILL_LENGTH_MM', 'BILL_DEPTH_MM', 'FLIPPER_LENGTH_MM', 'BODY_MASS_G', 'SEX', 'YEAR']
2026-09-06 14:42:47 | INFO | P02 | -------------------------------
2026-09-06 14:42:47 | INFO | P02 | 05. BRANCH based on conditions.
2026-09-06 14:42:47 | INFO | P02 | -------------------------------
2026-09-06 14:42:47 | INFO | P02 | Selected measurement column: bill_length_mm
2026-09-06 14:42:47 | INFO | P02 | Reason for choosing this measurement: 
Bill length varies across penguins.
There is no fixed cutoff, so we'll calculate the average
and assign a classification depending on a threshold
around the average value.

2026-09-06 14:42:47 | INFO | P02 | bill_length_mm - Minimum: 32.1
2026-09-06 14:42:47 | INFO | P02 | bill_length_mm - Maximum:  59.6
2026-09-06 14:42:47 | INFO | P02 | bill_length_mm - Mean:     43.9219298245614
2026-09-06 14:42:47 | INFO | P02 | -------------------------------
2026-09-06 14:42:47 | INFO | P02 | Sample bill_length_mm: 39.1
2026-09-06 14:42:47 | INFO | P02 | Short threshold multiplier: 0.9
2026-09-06 14:42:47 | INFO | P02 | Long threshold multiplier:  1.1
2026-09-06 14:42:47 | INFO | P02 | Short threshold: 39.529736842105265
2026-09-06 14:42:47 | INFO | P02 | Long threshold:  48.31412280701755
2026-09-06 14:42:47 | INFO | P02 | First row bill_length_mm classification: SHORT
2026-09-06 14:42:47 | INFO | P02 | -------------------------------
2026-09-06 14:42:47 | INFO | P02 | 06. REPEAT while a condition is true.
2026-09-06 14:42:47 | INFO | P02 | -------------------------------
2026-09-06 14:42:47 | INFO | P02 | Starting to process measurements periodically...
2026-09-06 14:42:47 | INFO | P02 | Max records to process: 10
2026-09-06 14:42:47 | INFO | P02 | Stream wait seconds: 1
2026-09-06 14:42:47 | INFO | P02 | Current count: 0
2026-09-06 14:42:47 | INFO | P02 | Current bill_length_mm: 39.1
2026-09-06 14:42:47 | INFO | P02 | Updated count: 1
2026-09-06 14:42:48 | INFO | P02 | Current bill_length_mm: 39.5
2026-09-06 14:42:48 | INFO | P02 | Updated count: 2
2026-09-06 14:42:49 | INFO | P02 | Current bill_length_mm: 40.3
2026-09-06 14:42:49 | INFO | P02 | Updated count: 3
2026-09-06 14:42:50 | INFO | P02 | Current bill_length_mm: nan
2026-09-06 14:42:50 | INFO | P02 | Updated count: 4
2026-09-06 14:42:51 | INFO | P02 | Current bill_length_mm: 36.7
2026-09-06 14:42:51 | INFO | P02 | Updated count: 5
2026-09-06 14:42:52 | INFO | P02 | Current bill_length_mm: 39.3
2026-09-06 14:42:52 | INFO | P02 | Updated count: 6
2026-09-06 14:42:53 | INFO | P02 | Current bill_length_mm: 38.9
2026-09-06 14:42:53 | INFO | P02 | Updated count: 7
2026-09-06 14:42:54 | INFO | P02 | Current bill_length_mm: 39.2
2026-09-06 14:42:54 | INFO | P02 | Updated count: 8
2026-09-06 14:42:55 | INFO | P02 | Current bill_length_mm: 34.1
2026-09-06 14:42:55 | INFO | P02 | Updated count: 9
2026-09-06 14:42:56 | INFO | P02 | Current bill_length_mm: 42.0
2026-09-06 14:42:56 | INFO | P02 | Updated count: 10
2026-09-06 14:42:57 | INFO | P02 | -------------------------------
2026-09-06 14:42:57 | INFO | P02 | 07. VISUALIZE the selected measurement.
2026-09-06 14:42:57 | INFO | P02 | -------------------------------
2026-09-06 14:42:57 | INFO | P02 | Creating a chart to visualize the selected measurement.
2026-09-06 14:42:57 | INFO | P02 | We selected one numeric column, so let's look at the distribution.
2026-09-06 14:42:57 | INFO | P02 | Chart saved successfully at docs\images\measurement-distribution.png.
2026-09-06 14:42:57 | INFO | P02 | IMPORTANT: Close chart window to continue by clicking its X or close button.
2026-09-06 14:44:36 | INFO | P02 | ===================================
2026-09-06 14:44:36 | INFO | P02 | END main() - Executed successfully!
2026-09-06 14:44:36 | INFO | P02 | ===================================
2026-09-06 14:58:02 | INFO | P02 | === RUN START ===
2026-09-06 14:58:02 | INFO | P02 | project=P02
2026-09-06 14:58:02 | INFO | P02 | repo_dir=datafun-02-automation
2026-09-06 14:58:02 | INFO | P02 | python=3.14.7
2026-09-06 14:58:02 | INFO | P02 | os=Windows 11
2026-09-06 14:58:02 | INFO | P02 | shell=powershell
2026-09-06 14:58:02 | INFO | P02 | cwd=.
2026-09-06 14:58:02 | INFO | P02 | github_actions=False
2026-09-06 14:58:02 | INFO | P02 | ===================================
2026-09-06 14:58:02 | INFO | P02 | START main()
2026-09-06 14:58:02 | INFO | P02 | ===================================
2026-09-06 14:58:02 | INFO | P02 | -------------------------------
2026-09-06 14:58:02 | INFO | P02 | 01. LOAD the data.
2026-09-06 14:58:02 | INFO | P02 | -------------------------------
2026-09-06 14:58:02 | INFO | P02 | data file = data\penguins_merrill.csv
2026-09-06 14:58:02 | INFO | P02 | Data loaded successfully.
2026-09-06 14:58:02 | INFO | P02 | -------------------------------
2026-09-06 14:58:02 | INFO | P02 | 02. INSPECT the data.
2026-09-06 14:58:02 | INFO | P02 | -------------------------------
2026-09-06 14:58:02 | INFO | P02 | START inspect
2026-09-06 14:58:02 | INFO | P02 |    row_count:    344
2026-09-06 14:58:02 | INFO | P02 |    column_count: 8
2026-09-06 14:58:02 | INFO | P02 |    column_names: ['species', 'island', 'bill_length_mm', 'bill_depth_mm', 'flipper_length_mm', 'body_mass_g', 'sex', 'year']
2026-09-06 14:58:02 | INFO | P02 | END inspect. Returning inspection_string.
2026-09-06 14:58:02 | INFO | P02 | 
----------------
Data Inspection:
----------------
    One row means: one penguin
    Row count: 344
    Column count: 8
    Column names: ['species', 'island', 'bill_length_mm', 'bill_depth_mm', 'flipper_length_mm', 'body_mass_g', 'sex', 'year']

---------------
First Few Rows:
---------------
  species     island  bill_length_mm  bill_depth_mm  flipper_length_mm  body_mass_g     sex  year
0  Adelie  Torgersen            39.1           18.7              181.0       3750.0    male  2007
1  Adelie  Torgersen            39.5           17.4              186.0       3800.0  female  2007
2  Adelie  Torgersen            40.3           18.0              195.0       3250.0  female  2007
3  Adelie  Torgersen             NaN            NaN                NaN          NaN     NaN  2007
4  Adelie  Torgersen            36.7           19.3              193.0       3450.0  female  2007

2026-09-06 14:58:02 | INFO | P02 | -------------------------------
2026-09-06 14:58:02 | INFO | P02 | 03. REPEAT logic using a for loop.
2026-09-06 14:58:02 | INFO | P02 | -------------------------------
2026-09-06 14:58:02 | INFO | P02 | Column name: species
2026-09-06 14:58:02 | INFO | P02 | Column name: island
2026-09-06 14:58:02 | INFO | P02 | Column name: bill_length_mm
2026-09-06 14:58:02 | INFO | P02 | Column name: bill_depth_mm
2026-09-06 14:58:02 | INFO | P02 | Column name: flipper_length_mm
2026-09-06 14:58:02 | INFO | P02 | Column name: body_mass_g
2026-09-06 14:58:02 | INFO | P02 | Column name: sex
2026-09-06 14:58:02 | INFO | P02 | Column name: year
2026-09-06 14:58:02 | INFO | P02 | Selected group column: sex
2026-09-06 14:58:02 | INFO | P02 | Reason for choosing this group: 
The sex column has a small number of unique values.
There are two unique sexes, so a for loop can
process and log each one.

2026-09-06 14:58:02 | INFO | P02 | Item: male
2026-09-06 14:58:02 | INFO | P02 | Item: female
2026-09-06 14:58:02 | INFO | P02 | Item: nan
2026-09-06 14:58:02 | INFO | P02 | -------------------------------
2026-09-06 14:58:02 | INFO | P02 | 04. TRANSFORM one list to another list.
2026-09-06 14:58:02 | INFO | P02 | -------------------------------
2026-09-06 14:58:02 | INFO | P02 | Capitalized column names: ['SPECIES', 'ISLAND', 'BILL_LENGTH_MM', 'BILL_DEPTH_MM', 'FLIPPER_LENGTH_MM', 'BODY_MASS_G', 'SEX', 'YEAR']
2026-09-06 14:58:02 | INFO | P02 | -------------------------------
2026-09-06 14:58:02 | INFO | P02 | 05. BRANCH based on conditions.
2026-09-06 14:58:02 | INFO | P02 | -------------------------------
2026-09-06 14:58:02 | INFO | P02 | Selected measurement column: bill_length_mm
2026-09-06 14:58:02 | INFO | P02 | Reason for choosing this measurement: 
Bill length varies across penguins.
There is no fixed cutoff, so we'll calculate the average
and assign a classification depending on a threshold
around the average value.

2026-09-06 14:58:02 | INFO | P02 | bill_length_mm - Minimum: 32.1
2026-09-06 14:58:02 | INFO | P02 | bill_length_mm - Maximum:  59.6
2026-09-06 14:58:02 | INFO | P02 | bill_length_mm - Mean:     43.9219298245614
2026-09-06 14:58:02 | INFO | P02 | -------------------------------
2026-09-06 14:58:02 | INFO | P02 | Sample bill_length_mm: 39.1
2026-09-06 14:58:02 | INFO | P02 | Short threshold multiplier: 0.9
2026-09-06 14:58:02 | INFO | P02 | Long threshold multiplier:  1.1
2026-09-06 14:58:02 | INFO | P02 | Short threshold: 39.529736842105265
2026-09-06 14:58:02 | INFO | P02 | Long threshold:  48.31412280701755
2026-09-06 14:58:02 | INFO | P02 | First row bill_length_mm classification: SHORT
2026-09-06 14:58:02 | INFO | P02 | -------------------------------
2026-09-06 14:58:02 | INFO | P02 | 06. REPEAT while a condition is true.
2026-09-06 14:58:02 | INFO | P02 | -------------------------------
2026-09-06 14:58:02 | INFO | P02 | Starting to process measurements periodically...
2026-09-06 14:58:02 | INFO | P02 | Max records to process: 10
2026-09-06 14:58:02 | INFO | P02 | Stream wait seconds: 1
2026-09-06 14:58:02 | INFO | P02 | Current count: 0
2026-09-06 14:58:02 | INFO | P02 | Current bill_length_mm: 39.1
2026-09-06 14:58:02 | INFO | P02 | Updated count: 1
2026-09-06 14:58:03 | INFO | P02 | Current bill_length_mm: 39.5
2026-09-06 14:58:03 | INFO | P02 | Updated count: 2
2026-09-06 14:58:04 | INFO | P02 | Current bill_length_mm: 40.3
2026-09-06 14:58:04 | INFO | P02 | Updated count: 3
2026-09-06 14:58:05 | INFO | P02 | Current bill_length_mm: nan
2026-09-06 14:58:05 | INFO | P02 | Updated count: 4
2026-09-06 14:58:06 | INFO | P02 | Current bill_length_mm: 36.7
2026-09-06 14:58:06 | INFO | P02 | Updated count: 5
2026-09-06 14:58:07 | INFO | P02 | Current bill_length_mm: 39.3
2026-09-06 14:58:07 | INFO | P02 | Updated count: 6
2026-09-06 14:58:08 | INFO | P02 | Current bill_length_mm: 38.9
2026-09-06 14:58:08 | INFO | P02 | Updated count: 7
2026-09-06 14:58:09 | INFO | P02 | Current bill_length_mm: 39.2
2026-09-06 14:58:09 | INFO | P02 | Updated count: 8
2026-09-06 14:58:10 | INFO | P02 | Current bill_length_mm: 34.1
2026-09-06 14:58:10 | INFO | P02 | Updated count: 9
2026-09-06 14:58:11 | INFO | P02 | Current bill_length_mm: 42.0
2026-09-06 14:58:11 | INFO | P02 | Updated count: 10
2026-09-06 14:58:12 | INFO | P02 | -------------------------------
2026-09-06 14:58:12 | INFO | P02 | 07. VISUALIZE the selected measurement.
2026-09-06 14:58:12 | INFO | P02 | -------------------------------
2026-09-06 14:58:12 | INFO | P02 | Creating a chart of bill length by penguin sex.
2026-09-06 14:58:13 | INFO | P02 | Chart saved successfully at docs\images\bill-length-by-sex.png.
2026-09-06 15:01:00 | INFO | P02 | ===================================
2026-09-06 15:01:00 | INFO | P02 | END main() - Executed successfully!
2026-09-06 15:01:00 | INFO | P02 | ===================================
2026-09-06 15:03:38 | INFO | P02 | === RUN START ===
2026-09-06 15:03:38 | INFO | P02 | project=P02
2026-09-06 15:03:38 | INFO | P02 | repo_dir=datafun-02-automation
2026-09-06 15:03:38 | INFO | P02 | python=3.14.7
2026-09-06 15:03:38 | INFO | P02 | os=Windows 11
2026-09-06 15:03:38 | INFO | P02 | shell=powershell
2026-09-06 15:03:38 | INFO | P02 | cwd=.
2026-09-06 15:03:38 | INFO | P02 | github_actions=False
2026-09-06 15:03:38 | INFO | P02 | ===================================
2026-09-06 15:03:38 | INFO | P02 | START main()
2026-09-06 15:03:38 | INFO | P02 | ===================================
2026-09-06 15:03:38 | INFO | P02 | -------------------------------
2026-09-06 15:03:38 | INFO | P02 | 01. LOAD the data.
2026-09-06 15:03:38 | INFO | P02 | -------------------------------
2026-09-06 15:03:38 | INFO | P02 | data file = data\penguins_merrill.csv
2026-09-06 15:03:38 | INFO | P02 | Data loaded successfully.
2026-09-06 15:03:38 | INFO | P02 | -------------------------------
2026-09-06 15:03:38 | INFO | P02 | 02. INSPECT the data.
2026-09-06 15:03:38 | INFO | P02 | -------------------------------
2026-09-06 15:03:38 | INFO | P02 | START inspect
2026-09-06 15:03:38 | INFO | P02 |    row_count:    344
2026-09-06 15:03:38 | INFO | P02 |    column_count: 8
2026-09-06 15:03:38 | INFO | P02 |    column_names: ['species', 'island', 'bill_length_mm', 'bill_depth_mm', 'flipper_length_mm', 'body_mass_g', 'sex', 'year']
2026-09-06 15:03:38 | INFO | P02 | END inspect. Returning inspection_string.
2026-09-06 15:03:38 | INFO | P02 | 
----------------
Data Inspection:
----------------
    One row means: one penguin
    Row count: 344
    Column count: 8
    Column names: ['species', 'island', 'bill_length_mm', 'bill_depth_mm', 'flipper_length_mm', 'body_mass_g', 'sex', 'year']

---------------
First Few Rows:
---------------
  species     island  bill_length_mm  bill_depth_mm  flipper_length_mm  body_mass_g     sex  year
0  Adelie  Torgersen            39.1           18.7              181.0       3750.0    male  2007
1  Adelie  Torgersen            39.5           17.4              186.0       3800.0  female  2007
2  Adelie  Torgersen            40.3           18.0              195.0       3250.0  female  2007
3  Adelie  Torgersen             NaN            NaN                NaN          NaN     NaN  2007
4  Adelie  Torgersen            36.7           19.3              193.0       3450.0  female  2007

2026-09-06 15:03:38 | INFO | P02 | -------------------------------
2026-09-06 15:03:38 | INFO | P02 | 03. REPEAT logic using a for loop.
2026-09-06 15:03:38 | INFO | P02 | -------------------------------
2026-09-06 15:03:38 | INFO | P02 | Column name: species
2026-09-06 15:03:38 | INFO | P02 | Column name: island
2026-09-06 15:03:38 | INFO | P02 | Column name: bill_length_mm
2026-09-06 15:03:38 | INFO | P02 | Column name: bill_depth_mm
2026-09-06 15:03:38 | INFO | P02 | Column name: flipper_length_mm
2026-09-06 15:03:38 | INFO | P02 | Column name: body_mass_g
2026-09-06 15:03:38 | INFO | P02 | Column name: sex
2026-09-06 15:03:38 | INFO | P02 | Column name: year
2026-09-06 15:03:38 | INFO | P02 | Selected group column: sex
2026-09-06 15:03:38 | INFO | P02 | Reason for choosing this group: 
The sex column has a small number of unique values.
There are two unique sexes, so a for loop can
process and log each one.

2026-09-06 15:03:38 | INFO | P02 | Item: male
2026-09-06 15:03:38 | INFO | P02 | Item: female
2026-09-06 15:03:38 | INFO | P02 | Item: nan
2026-09-06 15:03:38 | INFO | P02 | -------------------------------
2026-09-06 15:03:38 | INFO | P02 | 04. TRANSFORM one list to another list.
2026-09-06 15:03:38 | INFO | P02 | -------------------------------
2026-09-06 15:03:38 | INFO | P02 | Capitalized column names: ['SPECIES', 'ISLAND', 'BILL_LENGTH_MM', 'BILL_DEPTH_MM', 'FLIPPER_LENGTH_MM', 'BODY_MASS_G', 'SEX', 'YEAR']
2026-09-06 15:03:38 | INFO | P02 | -------------------------------
2026-09-06 15:03:38 | INFO | P02 | 05. BRANCH based on conditions.
2026-09-06 15:03:38 | INFO | P02 | -------------------------------
2026-09-06 15:03:38 | INFO | P02 | Selected measurement column: bill_length_mm
2026-09-06 15:03:38 | INFO | P02 | Reason for choosing this measurement: 
Bill length varies across penguins.
There is no fixed cutoff, so we'll calculate the average
and assign a classification depending on a threshold
around the average value.

2026-09-06 15:03:38 | INFO | P02 | bill_length_mm - Minimum: 32.1
2026-09-06 15:03:38 | INFO | P02 | bill_length_mm - Maximum:  59.6
2026-09-06 15:03:38 | INFO | P02 | bill_length_mm - Mean:     43.9219298245614
2026-09-06 15:03:38 | INFO | P02 | -------------------------------
2026-09-06 15:03:38 | INFO | P02 | Sample bill_length_mm: 39.1
2026-09-06 15:03:38 | INFO | P02 | Short threshold multiplier: 0.9
2026-09-06 15:03:38 | INFO | P02 | Long threshold multiplier:  1.1
2026-09-06 15:03:38 | INFO | P02 | Short threshold: 39.529736842105265
2026-09-06 15:03:38 | INFO | P02 | Long threshold:  48.31412280701755
2026-09-06 15:03:38 | INFO | P02 | First row bill_length_mm classification: SHORT
2026-09-06 15:03:38 | INFO | P02 | -------------------------------
2026-09-06 15:03:38 | INFO | P02 | 06. REPEAT while a condition is true.
2026-09-06 15:03:38 | INFO | P02 | -------------------------------
2026-09-06 15:03:38 | INFO | P02 | Starting to process measurements periodically...
2026-09-06 15:03:38 | INFO | P02 | Max records to process: 10
2026-09-06 15:03:38 | INFO | P02 | Stream wait seconds: 1
2026-09-06 15:03:38 | INFO | P02 | Current count: 0
2026-09-06 15:03:38 | INFO | P02 | Current bill_length_mm: 39.1
2026-09-06 15:03:38 | INFO | P02 | Updated count: 1
2026-09-06 15:03:39 | INFO | P02 | Current bill_length_mm: 39.5
2026-09-06 15:03:39 | INFO | P02 | Updated count: 2
2026-09-06 15:03:40 | INFO | P02 | Current bill_length_mm: 40.3
2026-09-06 15:03:40 | INFO | P02 | Updated count: 3
2026-09-06 15:03:41 | INFO | P02 | Current bill_length_mm: nan
2026-09-06 15:03:41 | INFO | P02 | Updated count: 4
2026-09-06 15:03:42 | INFO | P02 | Current bill_length_mm: 36.7
2026-09-06 15:03:42 | INFO | P02 | Updated count: 5
2026-09-06 15:03:43 | INFO | P02 | Current bill_length_mm: 39.3
2026-09-06 15:03:43 | INFO | P02 | Updated count: 6
2026-09-06 15:03:44 | INFO | P02 | Current bill_length_mm: 38.9
2026-09-06 15:03:44 | INFO | P02 | Updated count: 7
2026-09-06 15:03:45 | INFO | P02 | Current bill_length_mm: 39.2
2026-09-06 15:03:45 | INFO | P02 | Updated count: 8
2026-09-06 15:03:46 | INFO | P02 | Current bill_length_mm: 34.1
2026-09-06 15:03:46 | INFO | P02 | Updated count: 9
2026-09-06 15:03:47 | INFO | P02 | Current bill_length_mm: 42.0
2026-09-06 15:03:47 | INFO | P02 | Updated count: 10
2026-09-06 15:03:48 | INFO | P02 | -------------------------------
2026-09-06 15:03:48 | INFO | P02 | 07. VISUALIZE the selected measurement.
2026-09-06 15:03:48 | INFO | P02 | -------------------------------
2026-09-06 15:03:48 | INFO | P02 | Creating a chart of bill length by penguin sex.
2026-09-06 15:03:48 | INFO | P02 | Chart saved successfully at docs\images\bill-length-by-sex.png.
2026-09-06 15:04:18 | INFO | P02 | ===================================
2026-09-06 15:04:18 | INFO | P02 | END main() - Executed successfully!
2026-09-06 15:04:18 | INFO | P02 | ===================================
2026-09-06 15:06:02 | INFO | P02 | === RUN START ===
2026-09-06 15:06:02 | INFO | P02 | project=P02
2026-09-06 15:06:02 | INFO | P02 | repo_dir=datafun-02-automation
2026-09-06 15:06:02 | INFO | P02 | python=3.14.7
2026-09-06 15:06:02 | INFO | P02 | os=Windows 11
2026-09-06 15:06:02 | INFO | P02 | shell=powershell
2026-09-06 15:06:02 | INFO | P02 | cwd=.
2026-09-06 15:06:02 | INFO | P02 | github_actions=False
2026-09-06 15:06:02 | INFO | P02 | ===================================
2026-09-06 15:06:02 | INFO | P02 | START main()
2026-09-06 15:06:02 | INFO | P02 | ===================================
2026-09-06 15:06:02 | INFO | P02 | -------------------------------
2026-09-06 15:06:02 | INFO | P02 | 01. LOAD the data.
2026-09-06 15:06:02 | INFO | P02 | -------------------------------
2026-09-06 15:06:02 | INFO | P02 | data file = data\penguins.csv
2026-09-06 15:06:02 | INFO | P02 | Data loaded successfully.
2026-09-06 15:06:02 | INFO | P02 | -------------------------------
2026-09-06 15:06:02 | INFO | P02 | 02. INSPECT the data.
2026-09-06 15:06:02 | INFO | P02 | -------------------------------
2026-09-06 15:06:02 | INFO | P02 | START inspect
2026-09-06 15:06:02 | INFO | P02 |    row_count:    344
2026-09-06 15:06:02 | INFO | P02 |    column_count: 8
2026-09-06 15:06:02 | INFO | P02 |    column_names: ['species', 'island', 'bill_length_mm', 'bill_depth_mm', 'flipper_length_mm', 'body_mass_g', 'sex', 'year']
2026-09-06 15:06:02 | INFO | P02 | END inspect. Returning inspection_string.
2026-09-06 15:06:02 | INFO | P02 | 
----------------
Data Inspection:
----------------
    One row means: one penguin
    Row count: 344
    Column count: 8
    Column names: ['species', 'island', 'bill_length_mm', 'bill_depth_mm', 'flipper_length_mm', 'body_mass_g', 'sex', 'year']

---------------
First Few Rows:
---------------
  species     island  bill_length_mm  ...  body_mass_g     sex  year
0  Adelie  Torgersen            39.1  ...       3750.0    male  2007
1  Adelie  Torgersen            39.5  ...       3800.0  female  2007
2  Adelie  Torgersen            40.3  ...       3250.0  female  2007
3  Adelie  Torgersen             NaN  ...          NaN     NaN  2007
4  Adelie  Torgersen            36.7  ...       3450.0  female  2007

[5 rows x 8 columns]

2026-09-06 15:06:02 | INFO | P02 | -------------------------------
2026-09-06 15:06:02 | INFO | P02 | 03. REPEAT logic using a for loop.
2026-09-06 15:06:02 | INFO | P02 | -------------------------------
2026-09-06 15:06:02 | INFO | P02 | Column name: species
2026-09-06 15:06:02 | INFO | P02 | Column name: island
2026-09-06 15:06:02 | INFO | P02 | Column name: bill_length_mm
2026-09-06 15:06:02 | INFO | P02 | Column name: bill_depth_mm
2026-09-06 15:06:02 | INFO | P02 | Column name: flipper_length_mm
2026-09-06 15:06:02 | INFO | P02 | Column name: body_mass_g
2026-09-06 15:06:02 | INFO | P02 | Column name: sex
2026-09-06 15:06:02 | INFO | P02 | Column name: year
2026-09-06 15:06:02 | INFO | P02 | Selected group column: species
2026-09-06 15:06:02 | INFO | P02 | Reason for choosing this group: 
The species column has a small number of unique values.
There are three unique species, so a for loop can
process and log each one.

2026-09-06 15:06:02 | INFO | P02 | Item: Adelie
2026-09-06 15:06:02 | INFO | P02 | Item: Gentoo
2026-09-06 15:06:02 | INFO | P02 | Item: Chinstrap
2026-09-06 15:06:02 | INFO | P02 | -------------------------------
2026-09-06 15:06:02 | INFO | P02 | 04. TRANSFORM one list to another list.
2026-09-06 15:06:02 | INFO | P02 | -------------------------------
2026-09-06 15:06:02 | INFO | P02 | Capitalized column names: ['SPECIES', 'ISLAND', 'BILL_LENGTH_MM', 'BILL_DEPTH_MM', 'FLIPPER_LENGTH_MM', 'BODY_MASS_G', 'SEX', 'YEAR']
2026-09-06 15:06:02 | INFO | P02 | -------------------------------
2026-09-06 15:06:02 | INFO | P02 | 05. BRANCH based on conditions.
2026-09-06 15:06:02 | INFO | P02 | -------------------------------
2026-09-06 15:06:02 | INFO | P02 | Selected measurement column: bill_length_mm
2026-09-06 15:06:02 | INFO | P02 | Reason for choosing this measurement: 
Bill length varies across penguins.
There is no fixed cutoff, so we'll calculate the average
and assign a classification depending on a threshold
around the average value.

2026-09-06 15:06:02 | INFO | P02 | bill_length_mm - Minimum: 32.1
2026-09-06 15:06:02 | INFO | P02 | bill_length_mm - Maximum:  59.6
2026-09-06 15:06:02 | INFO | P02 | bill_length_mm - Mean:     43.9219298245614
2026-09-06 15:06:02 | INFO | P02 | -------------------------------
2026-09-06 15:06:02 | INFO | P02 | Sample bill_length_mm: 39.1
2026-09-06 15:06:02 | INFO | P02 | Short threshold multiplier: 0.9
2026-09-06 15:06:02 | INFO | P02 | Long threshold multiplier:  1.1
2026-09-06 15:06:02 | INFO | P02 | Short threshold: 39.529736842105265
2026-09-06 15:06:02 | INFO | P02 | Long threshold:  48.31412280701755
2026-09-06 15:06:02 | INFO | P02 | First row bill_length_mm classification: SHORT
2026-09-06 15:06:02 | INFO | P02 | -------------------------------
2026-09-06 15:06:02 | INFO | P02 | 06. REPEAT while a condition is true.
2026-09-06 15:06:02 | INFO | P02 | -------------------------------
2026-09-06 15:06:02 | INFO | P02 | Starting to process measurements periodically...
2026-09-06 15:06:02 | INFO | P02 | Max records to process: 10
2026-09-06 15:06:02 | INFO | P02 | Stream wait seconds: 1
2026-09-06 15:06:02 | INFO | P02 | Current count: 0
2026-09-06 15:06:02 | INFO | P02 | Current bill_length_mm: 39.1
2026-09-06 15:06:02 | INFO | P02 | Updated count: 1
2026-09-06 15:06:03 | INFO | P02 | Current bill_length_mm: 39.5
2026-09-06 15:06:03 | INFO | P02 | Updated count: 2
2026-09-06 15:06:04 | INFO | P02 | Current bill_length_mm: 40.3
2026-09-06 15:06:04 | INFO | P02 | Updated count: 3
2026-09-06 15:06:05 | INFO | P02 | Current bill_length_mm: nan
2026-09-06 15:06:05 | INFO | P02 | Updated count: 4
2026-09-06 15:06:06 | INFO | P02 | Current bill_length_mm: 36.7
2026-09-06 15:06:06 | INFO | P02 | Updated count: 5
2026-09-06 15:06:07 | INFO | P02 | Current bill_length_mm: 39.3
2026-09-06 15:06:07 | INFO | P02 | Updated count: 6
2026-09-06 15:06:08 | INFO | P02 | Current bill_length_mm: 38.9
2026-09-06 15:06:08 | INFO | P02 | Updated count: 7
2026-09-06 15:06:09 | INFO | P02 | Current bill_length_mm: 39.2
2026-09-06 15:06:09 | INFO | P02 | Updated count: 8
2026-09-06 15:06:10 | INFO | P02 | Current bill_length_mm: 34.1
2026-09-06 15:06:10 | INFO | P02 | Updated count: 9
2026-09-06 15:06:11 | INFO | P02 | Current bill_length_mm: 42.0
2026-09-06 15:06:11 | INFO | P02 | Updated count: 10
2026-09-06 15:06:12 | INFO | P02 | -------------------------------
2026-09-06 15:06:12 | INFO | P02 | 07. VISUALIZE the selected measurement.
2026-09-06 15:06:12 | INFO | P02 | -------------------------------
2026-09-06 15:06:12 | INFO | P02 | Creating a chart to visualize the selected measurement.
2026-09-06 15:06:12 | INFO | P02 | We selected one numeric column, so let's look at the distribution.
2026-09-06 15:06:12 | INFO | P02 | Chart saved successfully at docs\images\measurement-distribution.png.
2026-09-06 15:06:12 | INFO | P02 | IMPORTANT: Close chart window to continue by clicking its X or close button.
2026-09-06 15:06:12 | INFO | P02 | ===================================
2026-09-06 15:06:12 | INFO | P02 | END main() - Executed successfully!
2026-09-06 15:06:12 | INFO | P02 | ===================================
2026-09-06 15:36:09 | INFO | P02 | === RUN START ===
2026-09-06 15:36:09 | INFO | P02 | project=P02
2026-09-06 15:36:09 | INFO | P02 | repo_dir=datafun-02-automation
2026-09-06 15:36:09 | INFO | P02 | python=3.14.7
2026-09-06 15:36:09 | INFO | P02 | os=Windows 11
2026-09-06 15:36:09 | INFO | P02 | shell=powershell
2026-09-06 15:36:09 | INFO | P02 | cwd=.
2026-09-06 15:36:09 | INFO | P02 | github_actions=False
2026-09-06 15:36:09 | INFO | P02 | ===================================
2026-09-06 15:36:09 | INFO | P02 | START main()
2026-09-06 15:36:09 | INFO | P02 | ===================================
2026-09-06 15:36:09 | INFO | P02 | -------------------------------
2026-09-06 15:36:09 | INFO | P02 | 01. LOAD the data.
2026-09-06 15:36:09 | INFO | P02 | -------------------------------
2026-09-06 15:36:09 | INFO | P02 | data file = data\penguins_merrill.csv
2026-09-06 15:36:09 | INFO | P02 | Data loaded successfully.
2026-09-06 15:36:09 | INFO | P02 | -------------------------------
2026-09-06 15:36:09 | INFO | P02 | 02. INSPECT the data.
2026-09-06 15:36:09 | INFO | P02 | -------------------------------
2026-09-06 15:36:09 | INFO | P02 | START inspect
2026-09-06 15:36:09 | INFO | P02 |    row_count:    344
2026-09-06 15:36:09 | INFO | P02 |    column_count: 8
2026-09-06 15:36:09 | INFO | P02 |    column_names: ['species', 'island', 'bill_length_mm', 'bill_depth_mm', 'flipper_length_mm', 'body_mass_g', 'sex', 'year']
2026-09-06 15:36:09 | INFO | P02 | END inspect. Returning inspection_string.
2026-09-06 15:36:09 | INFO | P02 | 
----------------
Data Inspection:
----------------
    One row means: one penguin
    Row count: 344
    Column count: 8
    Column names: ['species', 'island', 'bill_length_mm', 'bill_depth_mm', 'flipper_length_mm', 'body_mass_g', 'sex', 'year']

---------------
First Few Rows:
---------------
  species     island  bill_length_mm  bill_depth_mm  flipper_length_mm  body_mass_g     sex  year
0  Adelie  Torgersen            39.1           18.7              181.0       3750.0    male  2007
1  Adelie  Torgersen            39.5           17.4              186.0       3800.0  female  2007
2  Adelie  Torgersen            40.3           18.0              195.0       3250.0  female  2007
3  Adelie  Torgersen             NaN            NaN                NaN          NaN     NaN  2007
4  Adelie  Torgersen            36.7           19.3              193.0       3450.0  female  2007

2026-09-06 15:36:09 | INFO | P02 | -------------------------------
2026-09-06 15:36:09 | INFO | P02 | 03. REPEAT logic using a for loop.
2026-09-06 15:36:09 | INFO | P02 | -------------------------------
2026-09-06 15:36:09 | INFO | P02 | Column name: species
2026-09-06 15:36:09 | INFO | P02 | Column name: island
2026-09-06 15:36:09 | INFO | P02 | Column name: bill_length_mm
2026-09-06 15:36:09 | INFO | P02 | Column name: bill_depth_mm
2026-09-06 15:36:09 | INFO | P02 | Column name: flipper_length_mm
2026-09-06 15:36:09 | INFO | P02 | Column name: body_mass_g
2026-09-06 15:36:09 | INFO | P02 | Column name: sex
2026-09-06 15:36:09 | INFO | P02 | Column name: year
2026-09-06 15:36:09 | INFO | P02 | Selected group column: sex
2026-09-06 15:36:09 | INFO | P02 | Reason for choosing this group: 
The sex column has a small number of unique values.
There are two unique sexes, so a for loop can
process and log each one.

2026-09-06 15:36:09 | INFO | P02 | Item: male
2026-09-06 15:36:09 | INFO | P02 | Item: female
2026-09-06 15:36:09 | INFO | P02 | Item: nan
2026-09-06 15:36:09 | INFO | P02 | -------------------------------
2026-09-06 15:36:09 | INFO | P02 | 04. TRANSFORM one list to another list.
2026-09-06 15:36:09 | INFO | P02 | -------------------------------
2026-09-06 15:36:09 | INFO | P02 | Capitalized column names: ['SPECIES', 'ISLAND', 'BILL_LENGTH_MM', 'BILL_DEPTH_MM', 'FLIPPER_LENGTH_MM', 'BODY_MASS_G', 'SEX', 'YEAR']
2026-09-06 15:36:09 | INFO | P02 | -------------------------------
2026-09-06 15:36:09 | INFO | P02 | 05. BRANCH based on conditions.
2026-09-06 15:36:09 | INFO | P02 | -------------------------------
2026-09-06 15:36:09 | INFO | P02 | Selected measurement column: body_mass_g
2026-09-06 15:36:09 | INFO | P02 | Reason for choosing this measurement: 
Body mass varies across penguins.
We'll use a threshold of 3,500 grams
to identify penguins with higher body mass.

2026-09-06 15:36:09 | INFO | P02 | body_mass_g - Minimum: 2700.0
2026-09-06 15:36:09 | INFO | P02 | body_mass_g - Maximum:  6300.0
2026-09-06 15:36:09 | INFO | P02 | body_mass_g - Mean:     4201.754385964912
2026-09-06 15:36:09 | INFO | P02 | -------------------------------
2026-09-06 15:36:09 | INFO | P02 | Sample body_mass_g: 3750.0
2026-09-06 15:36:09 | INFO | P02 | Short threshold multiplier: 0.9
2026-09-06 15:36:09 | INFO | P02 | Long threshold multiplier:  1.1
2026-09-06 15:36:09 | INFO | P02 | Short threshold: 3781.5789473684213
2026-09-06 15:36:09 | INFO | P02 | Long threshold:  4621.929824561404
2026-09-06 15:36:09 | INFO | P02 | First row body_mass_g classification: SHORT
2026-09-06 15:36:09 | INFO | P02 | -------------------------------
2026-09-06 15:36:09 | INFO | P02 | 06. REPEAT while a condition is true.
2026-09-06 15:36:09 | INFO | P02 | -------------------------------
2026-09-06 15:36:09 | INFO | P02 | Starting to process measurements periodically...
2026-09-06 15:36:09 | INFO | P02 | Max records to process: 10
2026-09-06 15:36:09 | INFO | P02 | Stream wait seconds: 1
2026-09-06 15:36:09 | INFO | P02 | Current count: 0
2026-09-06 15:36:09 | INFO | P02 | Current body_mass_g: 3750.0
2026-09-06 15:36:09 | INFO | P02 | Updated count: 1
2026-09-06 15:36:10 | INFO | P02 | Current body_mass_g: 3800.0
2026-09-06 15:36:10 | INFO | P02 | Updated count: 2
2026-09-06 15:36:11 | INFO | P02 | Current body_mass_g: 3250.0
2026-09-06 15:36:11 | INFO | P02 | Updated count: 3
2026-09-06 15:36:12 | INFO | P02 | Current body_mass_g: nan
2026-09-06 15:36:12 | INFO | P02 | Updated count: 4
2026-09-06 15:36:13 | INFO | P02 | Current body_mass_g: 3450.0
2026-09-06 15:36:13 | INFO | P02 | Updated count: 5
2026-09-06 15:36:14 | INFO | P02 | Current body_mass_g: 3650.0
2026-09-06 15:36:14 | INFO | P02 | Updated count: 6
2026-09-06 15:36:15 | INFO | P02 | Current body_mass_g: 3625.0
2026-09-06 15:36:15 | INFO | P02 | Updated count: 7
2026-09-06 15:36:16 | INFO | P02 | Current body_mass_g: 4675.0
2026-09-06 15:36:16 | INFO | P02 | Updated count: 8
2026-09-06 15:36:17 | INFO | P02 | Current body_mass_g: 3475.0
2026-09-06 15:36:17 | INFO | P02 | Updated count: 9
2026-09-06 15:36:18 | INFO | P02 | Current body_mass_g: 4250.0
2026-09-06 15:36:18 | INFO | P02 | Updated count: 10
2026-09-06 15:36:19 | INFO | P02 | -------------------------------
2026-09-06 15:36:19 | INFO | P02 | 07. VISUALIZE the selected measurement.
2026-09-06 15:36:19 | INFO | P02 | -------------------------------
2026-09-06 15:36:19 | INFO | P02 | Creating a chart of penguins above 3500g.
2026-09-06 15:36:19 | INFO | P02 | Chart saved successfully at docs\images\body-mass-above-3500g.png.
2026-09-06 15:36:41 | INFO | P02 | Chart saved successfully at docs\images\body-mass-above-3500g.png.
2026-09-06 15:36:43 | INFO | P02 | ===================================
2026-09-06 15:36:43 | INFO | P02 | END main() - Executed successfully!
2026-09-06 15:36:43 | INFO | P02 | ===================================
2026-09-06 15:48:26 | INFO | P02 | === RUN START ===
2026-09-06 15:48:26 | INFO | P02 | project=P02
2026-09-06 15:48:26 | INFO | P02 | repo_dir=datafun-02-automation
2026-09-06 15:48:26 | INFO | P02 | python=3.14.7
2026-09-06 15:48:26 | INFO | P02 | os=Windows 11
2026-09-06 15:48:26 | INFO | P02 | shell=powershell
2026-09-06 15:48:26 | INFO | P02 | cwd=.
2026-09-06 15:48:26 | INFO | P02 | github_actions=False
2026-09-06 15:48:26 | INFO | P02 | ===================================
2026-09-06 15:48:26 | INFO | P02 | START main()
2026-09-06 15:48:26 | INFO | P02 | ===================================
2026-09-06 15:48:26 | INFO | P02 | -------------------------------
2026-09-06 15:48:26 | INFO | P02 | 01. LOAD the data.
2026-09-06 15:48:26 | INFO | P02 | -------------------------------
2026-09-06 15:48:26 | INFO | P02 | data file = data\penguins.csv
2026-09-06 15:48:26 | INFO | P02 | Data loaded successfully.
2026-09-06 15:48:26 | INFO | P02 | -------------------------------
2026-09-06 15:48:26 | INFO | P02 | 02. INSPECT the data.
2026-09-06 15:48:26 | INFO | P02 | -------------------------------
2026-09-06 15:48:26 | INFO | P02 | START inspect
2026-09-06 15:48:26 | INFO | P02 |    row_count:    344
2026-09-06 15:48:26 | INFO | P02 |    column_count: 8
2026-09-06 15:48:26 | INFO | P02 |    column_names: ['species', 'island', 'bill_length_mm', 'bill_depth_mm', 'flipper_length_mm', 'body_mass_g', 'sex', 'year']
2026-09-06 15:48:26 | INFO | P02 | END inspect. Returning inspection_string.
2026-09-06 15:48:26 | INFO | P02 | 
----------------
Data Inspection:
----------------
    One row means: one penguin
    Row count: 344
    Column count: 8
    Column names: ['species', 'island', 'bill_length_mm', 'bill_depth_mm', 'flipper_length_mm', 'body_mass_g', 'sex', 'year']

---------------
First Few Rows:
---------------
  species     island  bill_length_mm  bill_depth_mm  flipper_length_mm  body_mass_g     sex  year
0  Adelie  Torgersen            39.1           18.7              181.0       3750.0    male  2007
1  Adelie  Torgersen            39.5           17.4              186.0       3800.0  female  2007
2  Adelie  Torgersen            40.3           18.0              195.0       3250.0  female  2007
3  Adelie  Torgersen             NaN            NaN                NaN          NaN     NaN  2007
4  Adelie  Torgersen            36.7           19.3              193.0       3450.0  female  2007

2026-09-06 15:48:26 | INFO | P02 | -------------------------------
2026-09-06 15:48:26 | INFO | P02 | 03. REPEAT logic using a for loop.
2026-09-06 15:48:26 | INFO | P02 | -------------------------------
2026-09-06 15:48:26 | INFO | P02 | Column name: species
2026-09-06 15:48:26 | INFO | P02 | Column name: island
2026-09-06 15:48:26 | INFO | P02 | Column name: bill_length_mm
2026-09-06 15:48:26 | INFO | P02 | Column name: bill_depth_mm
2026-09-06 15:48:26 | INFO | P02 | Column name: flipper_length_mm
2026-09-06 15:48:26 | INFO | P02 | Column name: body_mass_g
2026-09-06 15:48:26 | INFO | P02 | Column name: sex
2026-09-06 15:48:26 | INFO | P02 | Column name: year
2026-09-06 15:48:26 | INFO | P02 | Selected group column: species
2026-09-06 15:48:26 | INFO | P02 | Reason for choosing this group: 
The species column has a small number of unique values.
There are three unique species, so a for loop can
process and log each one.

2026-09-06 15:48:26 | INFO | P02 | Item: Adelie
2026-09-06 15:48:26 | INFO | P02 | Item: Gentoo
2026-09-06 15:48:26 | INFO | P02 | Item: Chinstrap
2026-09-06 15:48:26 | INFO | P02 | -------------------------------
2026-09-06 15:48:26 | INFO | P02 | 04. TRANSFORM one list to another list.
2026-09-06 15:48:26 | INFO | P02 | -------------------------------
2026-09-06 15:48:26 | INFO | P02 | Capitalized column names: ['SPECIES', 'ISLAND', 'BILL_LENGTH_MM', 'BILL_DEPTH_MM', 'FLIPPER_LENGTH_MM', 'BODY_MASS_G', 'SEX', 'YEAR']
2026-09-06 15:48:26 | INFO | P02 | -------------------------------
2026-09-06 15:48:26 | INFO | P02 | 05. BRANCH based on conditions.
2026-09-06 15:48:26 | INFO | P02 | -------------------------------
2026-09-06 15:48:26 | INFO | P02 | Selected measurement column: bill_length_mm
2026-09-06 15:48:26 | INFO | P02 | Reason for choosing this measurement: 
Bill length varies across penguins.
There is no fixed cutoff, so we'll calculate the average
and assign a classification depending on a threshold
around the average value.

2026-09-06 15:48:26 | INFO | P02 | bill_length_mm - Minimum: 32.1
2026-09-06 15:48:26 | INFO | P02 | bill_length_mm - Maximum:  59.6
2026-09-06 15:48:26 | INFO | P02 | bill_length_mm - Mean:     43.9219298245614
2026-09-06 15:48:26 | INFO | P02 | -------------------------------
2026-09-06 15:48:26 | INFO | P02 | Sample bill_length_mm: 39.1
2026-09-06 15:48:26 | INFO | P02 | Short threshold multiplier: 0.9
2026-09-06 15:48:26 | INFO | P02 | Long threshold multiplier:  1.1
2026-09-06 15:48:26 | INFO | P02 | Short threshold: 39.529736842105265
2026-09-06 15:48:26 | INFO | P02 | Long threshold:  48.31412280701755
2026-09-06 15:48:26 | INFO | P02 | First row bill_length_mm classification: SHORT
2026-09-06 15:48:26 | INFO | P02 | -------------------------------
2026-09-06 15:48:26 | INFO | P02 | 06. REPEAT while a condition is true.
2026-09-06 15:48:26 | INFO | P02 | -------------------------------
2026-09-06 15:48:26 | INFO | P02 | Starting to process measurements periodically...
2026-09-06 15:48:26 | INFO | P02 | Max records to process: 10
2026-09-06 15:48:26 | INFO | P02 | Stream wait seconds: 1
2026-09-06 15:48:26 | INFO | P02 | Current count: 0
2026-09-06 15:48:26 | INFO | P02 | Current bill_length_mm: 39.1
2026-09-06 15:48:26 | INFO | P02 | Updated count: 1
2026-09-06 15:48:27 | INFO | P02 | Current bill_length_mm: 39.5
2026-09-06 15:48:27 | INFO | P02 | Updated count: 2
2026-09-06 15:48:28 | INFO | P02 | Current bill_length_mm: 40.3
2026-09-06 15:48:28 | INFO | P02 | Updated count: 3
2026-09-06 15:48:29 | INFO | P02 | Current bill_length_mm: nan
2026-09-06 15:48:29 | INFO | P02 | Updated count: 4
2026-09-06 15:48:30 | INFO | P02 | Current bill_length_mm: 36.7
2026-09-06 15:48:30 | INFO | P02 | Updated count: 5
2026-09-06 15:48:31 | INFO | P02 | Current bill_length_mm: 39.3
2026-09-06 15:48:31 | INFO | P02 | Updated count: 6
2026-09-06 15:48:32 | INFO | P02 | Current bill_length_mm: 38.9
2026-09-06 15:48:32 | INFO | P02 | Updated count: 7
2026-09-06 15:48:33 | INFO | P02 | Current bill_length_mm: 39.2
2026-09-06 15:48:33 | INFO | P02 | Updated count: 8
2026-09-06 15:48:34 | INFO | P02 | Current bill_length_mm: 34.1
2026-09-06 15:48:34 | INFO | P02 | Updated count: 9
2026-09-06 15:48:35 | INFO | P02 | Current bill_length_mm: 42.0
2026-09-06 15:48:35 | INFO | P02 | Updated count: 10
2026-09-06 15:48:36 | INFO | P02 | -------------------------------
2026-09-06 15:48:36 | INFO | P02 | 07. VISUALIZE the selected measurement.
2026-09-06 15:48:36 | INFO | P02 | -------------------------------
2026-09-06 15:48:36 | INFO | P02 | Creating a chart to visualize the selected measurement.
2026-09-06 15:48:36 | INFO | P02 | We selected one numeric column, so let's look at the distribution.
2026-09-06 15:48:36 | INFO | P02 | Chart saved successfully at docs\images\measurement-distribution.png.
2026-09-06 15:48:36 | INFO | P02 | IMPORTANT: Close chart window to continue by clicking its X or close button.
2026-09-06 15:48:38 | INFO | P02 | ===================================
2026-09-06 15:48:38 | INFO | P02 | END main() - Executed successfully!
2026-09-06 15:48:38 | INFO | P02 | ===================================
2026-09-06 15:48:41 | INFO | P02 | === RUN START ===
2026-09-06 15:48:41 | INFO | P02 | project=P02
2026-09-06 15:48:41 | INFO | P02 | repo_dir=datafun-02-automation
2026-09-06 15:48:41 | INFO | P02 | python=3.14.7
2026-09-06 15:48:41 | INFO | P02 | os=Windows 11
2026-09-06 15:48:41 | INFO | P02 | shell=powershell
2026-09-06 15:48:41 | INFO | P02 | cwd=.
2026-09-06 15:48:41 | INFO | P02 | github_actions=False
2026-09-06 15:48:41 | INFO | P02 | ===================================
2026-09-06 15:48:41 | INFO | P02 | START main()
2026-09-06 15:48:41 | INFO | P02 | ===================================
2026-09-06 15:48:41 | INFO | P02 | -------------------------------
2026-09-06 15:48:41 | INFO | P02 | 01. LOAD the data.
2026-09-06 15:48:41 | INFO | P02 | -------------------------------
2026-09-06 15:48:41 | INFO | P02 | data file = data\penguins_merrill.csv
2026-09-06 15:48:41 | INFO | P02 | Data loaded successfully.
2026-09-06 15:48:41 | INFO | P02 | -------------------------------
2026-09-06 15:48:41 | INFO | P02 | 02. INSPECT the data.
2026-09-06 15:48:41 | INFO | P02 | -------------------------------
2026-09-06 15:48:41 | INFO | P02 | START inspect
2026-09-06 15:48:41 | INFO | P02 |    row_count:    344
2026-09-06 15:48:41 | INFO | P02 |    column_count: 8
2026-09-06 15:48:41 | INFO | P02 |    column_names: ['species', 'island', 'bill_length_mm', 'bill_depth_mm', 'flipper_length_mm', 'body_mass_g', 'sex', 'year']
2026-09-06 15:48:41 | INFO | P02 | END inspect. Returning inspection_string.
2026-09-06 15:48:41 | INFO | P02 | 
----------------
Data Inspection:
----------------
    One row means: one penguin
    Row count: 344
    Column count: 8
    Column names: ['species', 'island', 'bill_length_mm', 'bill_depth_mm', 'flipper_length_mm', 'body_mass_g', 'sex', 'year']

---------------
First Few Rows:
---------------
  species     island  bill_length_mm  bill_depth_mm  flipper_length_mm  body_mass_g     sex  year
0  Adelie  Torgersen            39.1           18.7              181.0       3750.0    male  2007
1  Adelie  Torgersen            39.5           17.4              186.0       3800.0  female  2007
2  Adelie  Torgersen            40.3           18.0              195.0       3250.0  female  2007
3  Adelie  Torgersen             NaN            NaN                NaN          NaN     NaN  2007
4  Adelie  Torgersen            36.7           19.3              193.0       3450.0  female  2007

2026-09-06 15:48:41 | INFO | P02 | -------------------------------
2026-09-06 15:48:41 | INFO | P02 | 03. REPEAT logic using a for loop.
2026-09-06 15:48:41 | INFO | P02 | -------------------------------
2026-09-06 15:48:41 | INFO | P02 | Column name: species
2026-09-06 15:48:41 | INFO | P02 | Column name: island
2026-09-06 15:48:41 | INFO | P02 | Column name: bill_length_mm
2026-09-06 15:48:41 | INFO | P02 | Column name: bill_depth_mm
2026-09-06 15:48:41 | INFO | P02 | Column name: flipper_length_mm
2026-09-06 15:48:41 | INFO | P02 | Column name: body_mass_g
2026-09-06 15:48:41 | INFO | P02 | Column name: sex
2026-09-06 15:48:41 | INFO | P02 | Column name: year
2026-09-06 15:48:41 | INFO | P02 | Selected group column: sex
2026-09-06 15:48:41 | INFO | P02 | Reason for choosing this group: 
The sex column has a small number of unique values.
There are two unique sexes, so a for loop can
process and log each one.

2026-09-06 15:48:41 | INFO | P02 | Item: male
2026-09-06 15:48:41 | INFO | P02 | Item: female
2026-09-06 15:48:41 | INFO | P02 | Item: nan
2026-09-06 15:48:41 | INFO | P02 | -------------------------------
2026-09-06 15:48:41 | INFO | P02 | 04. TRANSFORM one list to another list.
2026-09-06 15:48:41 | INFO | P02 | -------------------------------
2026-09-06 15:48:41 | INFO | P02 | Capitalized column names: ['SPECIES', 'ISLAND', 'BILL_LENGTH_MM', 'BILL_DEPTH_MM', 'FLIPPER_LENGTH_MM', 'BODY_MASS_G', 'SEX', 'YEAR']
2026-09-06 15:48:41 | INFO | P02 | -------------------------------
2026-09-06 15:48:41 | INFO | P02 | 05. BRANCH based on conditions.
2026-09-06 15:48:41 | INFO | P02 | -------------------------------
2026-09-06 15:48:41 | INFO | P02 | Selected measurement column: body_mass_g
2026-09-06 15:48:41 | INFO | P02 | Reason for choosing this measurement: 
Body mass varies across penguins.
We'll use a threshold of 3,500 grams
to identify penguins with higher body mass.

2026-09-06 15:48:41 | INFO | P02 | body_mass_g - Minimum: 2700.0
2026-09-06 15:48:41 | INFO | P02 | body_mass_g - Maximum:  6300.0
2026-09-06 15:48:41 | INFO | P02 | body_mass_g - Mean:     4201.754385964912
2026-09-06 15:48:41 | INFO | P02 | -------------------------------
2026-09-06 15:48:41 | INFO | P02 | Sample body_mass_g: 3750.0
2026-09-06 15:48:41 | INFO | P02 | Short threshold multiplier: 0.9
2026-09-06 15:48:41 | INFO | P02 | Long threshold multiplier:  1.1
2026-09-06 15:48:41 | INFO | P02 | Short threshold: 3781.5789473684213
2026-09-06 15:48:41 | INFO | P02 | Long threshold:  4621.929824561404
2026-09-06 15:48:41 | INFO | P02 | First row body_mass_g classification: SHORT
2026-09-06 15:48:41 | INFO | P02 | -------------------------------
2026-09-06 15:48:41 | INFO | P02 | 06. REPEAT while a condition is true.
2026-09-06 15:48:41 | INFO | P02 | -------------------------------
2026-09-06 15:48:41 | INFO | P02 | Starting to process measurements periodically...
2026-09-06 15:48:41 | INFO | P02 | Max records to process: 10
2026-09-06 15:48:41 | INFO | P02 | Stream wait seconds: 1
2026-09-06 15:48:41 | INFO | P02 | Current count: 0
2026-09-06 15:48:41 | INFO | P02 | Current body_mass_g: 3750.0
2026-09-06 15:48:41 | INFO | P02 | Updated count: 1
2026-09-06 15:48:42 | INFO | P02 | Current body_mass_g: 3800.0
2026-09-06 15:48:42 | INFO | P02 | Updated count: 2
2026-09-06 15:48:43 | INFO | P02 | Current body_mass_g: 3250.0
2026-09-06 15:48:43 | INFO | P02 | Updated count: 3
2026-09-06 15:48:44 | INFO | P02 | Current body_mass_g: nan
2026-09-06 15:48:44 | INFO | P02 | Updated count: 4
2026-09-06 15:48:45 | INFO | P02 | Current body_mass_g: 3450.0
2026-09-06 15:48:45 | INFO | P02 | Updated count: 5
2026-09-06 15:48:46 | INFO | P02 | Current body_mass_g: 3650.0
2026-09-06 15:48:46 | INFO | P02 | Updated count: 6
2026-09-06 15:48:47 | INFO | P02 | Current body_mass_g: 3625.0
2026-09-06 15:48:47 | INFO | P02 | Updated count: 7
2026-09-06 15:48:48 | INFO | P02 | Current body_mass_g: 4675.0
2026-09-06 15:48:48 | INFO | P02 | Updated count: 8
2026-09-06 15:48:49 | INFO | P02 | Current body_mass_g: 3475.0
2026-09-06 15:48:49 | INFO | P02 | Updated count: 9
2026-09-06 15:48:50 | INFO | P02 | Current body_mass_g: 4250.0
2026-09-06 15:48:50 | INFO | P02 | Updated count: 10
2026-09-06 15:48:51 | INFO | P02 | -------------------------------
2026-09-06 15:48:51 | INFO | P02 | 07. VISUALIZE the selected measurement.
2026-09-06 15:48:51 | INFO | P02 | -------------------------------
2026-09-06 15:48:51 | INFO | P02 | Creating a chart of penguins above 3500g.
2026-09-06 15:48:51 | INFO | P02 | Chart saved successfully at docs\images\body-mass-above-3500g.png.
2026-09-06 15:49:04 | INFO | P02 | Chart saved successfully at docs\images\body-mass-above-3500g.png.
2026-09-06 15:49:07 | INFO | P02 | ===================================
2026-09-06 15:49:07 | INFO | P02 | END main() - Executed successfully!
2026-09-06 15:49:07 | INFO | P02 | ===================================
2026-09-06 15:50:47 | INFO | P02 | === RUN START ===
2026-09-06 15:50:47 | INFO | P02 | project=P02
2026-09-06 15:50:47 | INFO | P02 | repo_dir=datafun-02-automation
2026-09-06 15:50:47 | INFO | P02 | python=3.14.7
2026-09-06 15:50:47 | INFO | P02 | os=Windows 11
2026-09-06 15:50:47 | INFO | P02 | shell=powershell
2026-09-06 15:50:47 | INFO | P02 | cwd=.
2026-09-06 15:50:47 | INFO | P02 | github_actions=False
2026-09-06 15:50:47 | INFO | P02 | ===================================
2026-09-06 15:50:47 | INFO | P02 | START main()
2026-09-06 15:50:47 | INFO | P02 | ===================================
2026-09-06 15:50:47 | INFO | P02 | -------------------------------
2026-09-06 15:50:47 | INFO | P02 | 01. LOAD the data.
2026-09-06 15:50:47 | INFO | P02 | -------------------------------
2026-09-06 15:50:47 | INFO | P02 | data file = data\penguins_merrill.csv
2026-09-06 15:50:47 | INFO | P02 | Data loaded successfully.
2026-09-06 15:50:47 | INFO | P02 | -------------------------------
2026-09-06 15:50:47 | INFO | P02 | 02. INSPECT the data.
2026-09-06 15:50:47 | INFO | P02 | -------------------------------
2026-09-06 15:50:47 | INFO | P02 | START inspect
2026-09-06 15:50:47 | INFO | P02 |    row_count:    344
2026-09-06 15:50:47 | INFO | P02 |    column_count: 8
2026-09-06 15:50:47 | INFO | P02 |    column_names: ['species', 'island', 'bill_length_mm', 'bill_depth_mm', 'flipper_length_mm', 'body_mass_g', 'sex', 'year']
2026-09-06 15:50:47 | INFO | P02 | END inspect. Returning inspection_string.
2026-09-06 15:50:47 | INFO | P02 | 
----------------
Data Inspection:
----------------
    One row means: one penguin
    Row count: 344
    Column count: 8
    Column names: ['species', 'island', 'bill_length_mm', 'bill_depth_mm', 'flipper_length_mm', 'body_mass_g', 'sex', 'year']

---------------
First Few Rows:
---------------
  species     island  bill_length_mm  bill_depth_mm  flipper_length_mm  body_mass_g     sex  year
0  Adelie  Torgersen            39.1           18.7              181.0       3750.0    male  2007
1  Adelie  Torgersen            39.5           17.4              186.0       3800.0  female  2007
2  Adelie  Torgersen            40.3           18.0              195.0       3250.0  female  2007
3  Adelie  Torgersen             NaN            NaN                NaN          NaN     NaN  2007
4  Adelie  Torgersen            36.7           19.3              193.0       3450.0  female  2007

2026-09-06 15:50:47 | INFO | P02 | -------------------------------
2026-09-06 15:50:47 | INFO | P02 | 03. REPEAT logic using a for loop.
2026-09-06 15:50:47 | INFO | P02 | -------------------------------
2026-09-06 15:50:47 | INFO | P02 | Column name: species
2026-09-06 15:50:47 | INFO | P02 | Column name: island
2026-09-06 15:50:47 | INFO | P02 | Column name: bill_length_mm
2026-09-06 15:50:47 | INFO | P02 | Column name: bill_depth_mm
2026-09-06 15:50:47 | INFO | P02 | Column name: flipper_length_mm
2026-09-06 15:50:47 | INFO | P02 | Column name: body_mass_g
2026-09-06 15:50:47 | INFO | P02 | Column name: sex
2026-09-06 15:50:47 | INFO | P02 | Column name: year
2026-09-06 15:50:47 | INFO | P02 | Selected group column: sex
2026-09-06 15:50:47 | INFO | P02 | Reason for choosing this group: 
The sex column has a small number of unique values.
There are two unique sexes, so a for loop can
process and log each one.

2026-09-06 15:50:47 | INFO | P02 | Item: male
2026-09-06 15:50:47 | INFO | P02 | Item: female
2026-09-06 15:50:47 | INFO | P02 | Item: nan
2026-09-06 15:50:47 | INFO | P02 | -------------------------------
2026-09-06 15:50:47 | INFO | P02 | 04. TRANSFORM one list to another list.
2026-09-06 15:50:47 | INFO | P02 | -------------------------------
2026-09-06 15:50:47 | INFO | P02 | Capitalized column names: ['SPECIES', 'ISLAND', 'BILL_LENGTH_MM', 'BILL_DEPTH_MM', 'FLIPPER_LENGTH_MM', 'BODY_MASS_G', 'SEX', 'YEAR']
2026-09-06 15:50:47 | INFO | P02 | -------------------------------
2026-09-06 15:50:47 | INFO | P02 | 05. BRANCH based on conditions.
2026-09-06 15:50:47 | INFO | P02 | -------------------------------
2026-09-06 15:50:47 | INFO | P02 | Selected measurement column: body_mass_g
2026-09-06 15:50:47 | INFO | P02 | Reason for choosing this measurement: 
Body mass varies across penguins.
We'll use a threshold of 3,500 grams
to identify penguins with higher body mass.

2026-09-06 15:50:47 | INFO | P02 | body_mass_g - Minimum: 2700.0
2026-09-06 15:50:47 | INFO | P02 | body_mass_g - Maximum:  6300.0
2026-09-06 15:50:47 | INFO | P02 | body_mass_g - Mean:     4201.754385964912
2026-09-06 15:50:47 | INFO | P02 | -------------------------------
2026-09-06 15:50:47 | INFO | P02 | Sample body_mass_g: 3750.0
2026-09-06 15:50:47 | INFO | P02 | Short threshold multiplier: 0.9
2026-09-06 15:50:47 | INFO | P02 | Long threshold multiplier:  1.1
2026-09-06 15:50:47 | INFO | P02 | Short threshold: 3781.5789473684213
2026-09-06 15:50:47 | INFO | P02 | Long threshold:  4621.929824561404
2026-09-06 15:50:47 | INFO | P02 | First row body_mass_g classification: SHORT
2026-09-06 15:50:47 | INFO | P02 | -------------------------------
2026-09-06 15:50:47 | INFO | P02 | 06. REPEAT while a condition is true.
2026-09-06 15:50:47 | INFO | P02 | -------------------------------
2026-09-06 15:50:47 | INFO | P02 | Starting to process measurements periodically...
2026-09-06 15:50:47 | INFO | P02 | Max records to process: 10
2026-09-06 15:50:47 | INFO | P02 | Stream wait seconds: 1
2026-09-06 15:50:47 | INFO | P02 | Current count: 0
2026-09-06 15:50:47 | INFO | P02 | Current body_mass_g: 3750.0
2026-09-06 15:50:47 | INFO | P02 | Updated count: 1
2026-09-06 15:50:48 | INFO | P02 | -------------------------------
2026-09-06 15:50:48 | INFO | P02 | Current body_mass_g: 3800.0
2026-09-06 15:50:48 | INFO | P02 | Updated count: 2
2026-09-06 15:50:49 | INFO | P02 | -------------------------------
2026-09-06 15:50:49 | INFO | P02 | Current body_mass_g: 3250.0
2026-09-06 15:50:49 | INFO | P02 | Updated count: 3
2026-09-06 15:50:50 | INFO | P02 | -------------------------------
2026-09-06 15:50:50 | INFO | P02 | Current body_mass_g: nan
2026-09-06 15:50:50 | INFO | P02 | Updated count: 4
2026-09-06 15:50:51 | INFO | P02 | -------------------------------
2026-09-06 15:50:51 | INFO | P02 | Current body_mass_g: 3450.0
2026-09-06 15:50:51 | INFO | P02 | Updated count: 5
2026-09-06 15:50:52 | INFO | P02 | -------------------------------
2026-09-06 15:50:52 | INFO | P02 | Current body_mass_g: 3650.0
2026-09-06 15:50:52 | INFO | P02 | Updated count: 6
2026-09-06 15:50:53 | INFO | P02 | -------------------------------
2026-09-06 15:50:53 | INFO | P02 | Current body_mass_g: 3625.0
2026-09-06 15:50:53 | INFO | P02 | Updated count: 7
2026-09-06 15:50:54 | INFO | P02 | -------------------------------
2026-09-06 15:50:54 | INFO | P02 | Current body_mass_g: 4675.0
2026-09-06 15:50:54 | INFO | P02 | Updated count: 8
2026-09-06 15:50:55 | INFO | P02 | -------------------------------
2026-09-06 15:50:55 | INFO | P02 | Current body_mass_g: 3475.0
2026-09-06 15:50:55 | INFO | P02 | Updated count: 9
2026-09-06 15:50:56 | INFO | P02 | -------------------------------
2026-09-06 15:50:56 | INFO | P02 | Current body_mass_g: 4250.0
2026-09-06 15:50:56 | INFO | P02 | Updated count: 10
2026-09-06 15:50:57 | INFO | P02 | -------------------------------
2026-09-06 15:50:57 | INFO | P02 | 07. VISUALIZE the selected measurement.
2026-09-06 15:50:57 | INFO | P02 | -------------------------------
2026-09-06 15:50:57 | INFO | P02 | Creating a chart of penguins above 3500g.
2026-09-06 15:50:57 | INFO | P02 | Chart saved successfully at docs\images\body-mass-above-3500g.png.
2026-09-06 15:51:00 | INFO | P02 | ===================================
2026-09-06 15:51:00 | INFO | P02 | END main() - Executed successfully!
2026-09-06 15:51:00 | INFO | P02 | ===================================
